dataset,sample_name,seq_len,protein_size,scheduler,estimator,n_steps,mode,seed,conformer_index,step_index,n_step_frames,generation_t,alphaflow_t,entropy_curve_mode,structure_source,aligned_rmsd_to_first,aligned_step_rmsd,max_residue_displacement_to_first,deformation_amplification,pdb_path
atlas_test.strict_ready,6q9c_B,418,long protein (>400 aa),entropic,cond_marg,5,ode_heun,7,0,0,4,0.0,1.0,conditional_minus_marginal,run41_condmarg_saved_structure_with_cond_marg_schedule_times,8.329810421296941e-15,8.329810421296941e-15,1.798424230098713e-14,6.0,results/run41_rebuttal/exp_05_alphaflow_atlas_test_large_condmarg/structures/atlas_test.strict_ready/6q9c_B/entropic_5_ode_heun_seed7/conf_0.pdb
atlas_test.strict_ready,6q9c_B,418,long protein (>400 aa),entropic,cond_marg,5,ode_heun,7,0,1,4,0.3333333333333333,0.973769840042272,conditional_minus_marginal,run41_condmarg_saved_structure_with_cond_marg_schedule_times,1.7967594269300602,1.7967594269300589,12.889400854044315,6.0,results/run41_rebuttal/exp_05_alphaflow_atlas_test_large_condmarg/structures/atlas_test.strict_ready/6q9c_B/entropic_5_ode_heun_seed7/conf_1.pdb
atlas_test.strict_ready,6q9c_B,418,long protein (>400 aa),entropic,cond_marg,5,ode_heun,7,0,2,4,0.6666666666666666,0.4823238121768983,conditional_minus_marginal,run41_condmarg_saved_structure_with_cond_marg_schedule_times,1.6828016540877992,0.5768956803638972,10.870832660288714,6.0,results/run41_rebuttal/exp_05_alphaflow_atlas_test_large_condmarg/structures/atlas_test.strict_ready/6q9c_B/entropic_5_ode_heun_seed7/conf_2.pdb
atlas_test.strict_ready,6q9c_B,418,long protein (>400 aa),entropic,cond_marg,5,ode_heun,7,0,3,4,1.0,0.0,conditional_minus_marginal,run41_condmarg_saved_structure_with_cond_marg_schedule_times,1.7500469198780315,0.4238837089563294,11.526619197392222,6.0,results/run41_rebuttal/exp_05_alphaflow_atlas_test_large_condmarg/structures/atlas_test.strict_ready/6q9c_B/entropic_5_ode_heun_seed7/conf_3.pdb
atlas_test.strict_ready,6tgk_C,105,medium protein (51-400 aa),entropic,cond_marg,5,ode_heun,7,0,0,4,0.0,1.0,conditional_minus_marginal,run41_condmarg_saved_structure_with_cond_marg_schedule_times,3.481685005577588e-15,3.481685005577588e-15,6.408593517931132e-15,6.0,results/run41_rebuttal/exp_05_alphaflow_atlas_test_medium_condmarg/structures/atlas_test.strict_ready/6tgk_C/entropic_5_ode_heun_seed7/conf_0.pdb
atlas_test.strict_ready,6tgk_C,105,medium protein (51-400 aa),entropic,cond_marg,5,ode_heun,7,0,1,4,0.3333333333333333,0.973769840042272,conditional_minus_marginal,run41_condmarg_saved_structure_with_cond_marg_schedule_times,0.20766919986147905,0.2076691998614788,1.0952198567526146,6.0,results/run41_rebuttal/exp_05_alphaflow_atlas_test_medium_condmarg/structures/atlas_test.strict_ready/6tgk_C/entropic_5_ode_heun_seed7/conf_1.pdb
atlas_test.strict_ready,6tgk_C,105,medium protein (51-400 aa),entropic,cond_marg,5,ode_heun,7,0,2,4,0.6666666666666666,0.4823238121768983,conditional_minus_marginal,run41_condmarg_saved_structure_with_cond_marg_schedule_times,0.21860912497500842,0.22253863013279326,0.9017984873444722,6.0,results/run41_rebuttal/exp_05_alphaflow_atlas_test_medium_condmarg/structures/atlas_test.strict_ready/6tgk_C/entropic_5_ode_heun_seed7/conf_2.pdb
atlas_test.strict_ready,6tgk_C,105,medium protein (51-400 aa),entropic,cond_marg,5,ode_heun,7,0,3,4,1.0,0.0,conditional_minus_marginal,run41_condmarg_saved_structure_with_cond_marg_schedule_times,0.31544364347040293,0.2101444629901722,1.2366510537698976,6.0,results/run41_rebuttal/exp_05_alphaflow_atlas_test_medium_condmarg/structures/atlas_test.strict_ready/6tgk_C/entropic_5_ode_heun_seed7/conf_3.pdb
atlas_test.strict_ready,7lp1_A,39,short protein (<=50 aa),entropic,cond_marg,5,ode_heun,7,0,0,4,0.0,1.0,conditional_minus_marginal,run41_condmarg_saved_structure_with_cond_marg_schedule_times,3.476741135719387e-15,3.476741135719387e-15,5.725996103146448e-15,6.0,results/run41_rebuttal/exp_05_alphaflow_atlas_test_short_condmarg/structures/atlas_test.strict_ready/7lp1_A/entropic_5_ode_heun_seed7/conf_0.pdb
atlas_test.strict_ready,7lp1_A,39,short protein (<=50 aa),entropic,cond_marg,5,ode_heun,7,0,1,4,0.3333333333333333,0.973769840042272,conditional_minus_marginal,run41_condmarg_saved_structure_with_cond_marg_schedule_times,0.5187382991243177,0.5187382991243182,1.4537288106106434,6.0,results/run41_rebuttal/exp_05_alphaflow_atlas_test_short_condmarg/structures/atlas_test.strict_ready/7lp1_A/entropic_5_ode_heun_seed7/conf_1.pdb
atlas_test.strict_ready,7lp1_A,39,short protein (<=50 aa),entropic,cond_marg,5,ode_heun,7,0,2,4,0.6666666666666666,0.4823238121768983,conditional_minus_marginal,run41_condmarg_saved_structure_with_cond_marg_schedule_times,0.5859060724885558,0.19297045379575736,1.6963350124496896,6.0,results/run41_rebuttal/exp_05_alphaflow_atlas_test_short_condmarg/structures/atlas_test.strict_ready/7lp1_A/entropic_5_ode_heun_seed7/conf_2.pdb
atlas_test.strict_ready,7lp1_A,39,short protein (<=50 aa),entropic,cond_marg,5,ode_heun,7,0,3,4,1.0,0.0,conditional_minus_marginal,run41_condmarg_saved_structure_with_cond_marg_schedule_times,0.8391238793421576,0.6262116626424172,2.839428819874667,6.0,results/run41_rebuttal/exp_05_alphaflow_atlas_test_short_condmarg/structures/atlas_test.strict_ready/7lp1_A/entropic_5_ode_heun_seed7/conf_3.pdb
cameo2022.strict_ready,7q6d_A,405,long protein (>400 aa),entropic,cond_marg,5,ode_heun,7,0,0,4,0.0,1.0,conditional_minus_marginal,run41_condmarg_saved_structure_with_cond_marg_schedule_times,8.08179484874951e-15,8.08179484874951e-15,2.1505108827574395e-14,6.0,results/run41_rebuttal/exp_05_alphaflow_cameo2022_large_condmarg/structures/cameo2022.strict_ready/7q6d_A/entropic_5_ode_heun_seed7/conf_0.pdb
cameo2022.strict_ready,7q6d_A,405,long protein (>400 aa),entropic,cond_marg,5,ode_heun,7,0,1,4,0.3333333333333333,0.9763437689924471,conditional_minus_marginal,run41_condmarg_saved_structure_with_cond_marg_schedule_times,0.3851219107425905,0.3851219107425893,2.389705797331217,6.0,results/run41_rebuttal/exp_05_alphaflow_cameo2022_large_condmarg/structures/cameo2022.strict_ready/7q6d_A/entropic_5_ode_heun_seed7/conf_1.pdb
cameo2022.strict_ready,7q6d_A,405,long protein (>400 aa),entropic,cond_marg,5,ode_heun,7,0,2,4,0.6666666666666666,0.25684679175530867,conditional_minus_marginal,run41_condmarg_saved_structure_with_cond_marg_schedule_times,0.5076292295742318,0.4181563741587566,3.9375180696003023,6.0,results/run41_rebuttal/exp_05_alphaflow_cameo2022_large_condmarg/structures/cameo2022.strict_ready/7q6d_A/entropic_5_ode_heun_seed7/conf_2.pdb
cameo2022.strict_ready,7q6d_A,405,long protein (>400 aa),entropic,cond_marg,5,ode_heun,7,0,3,4,1.0,0.0,conditional_minus_marginal,run41_condmarg_saved_structure_with_cond_marg_schedule_times,0.769660942794378,0.45707193339833213,6.552573681574163,6.0,results/run41_rebuttal/exp_05_alphaflow_cameo2022_large_condmarg/structures/cameo2022.strict_ready/7q6d_A/entropic_5_ode_heun_seed7/conf_3.pdb
cameo2022_medium.strict_ready,7skj_A,275,medium protein (51-400 aa),entropic,cond_marg,5,ode_heun,7,0,0,4,0.0,1.0,conditional_minus_marginal,run41_condmarg_saved_structure_with_cond_marg_schedule_times,1.241888998742112e-14,1.241888998742112e-14,2.5680492922932105e-14,6.0,results/run41_rebuttal/exp_05_alphaflow_cameo2022_medium_condmarg/structures/cameo2022_medium.strict_ready/7skj_A/entropic_5_ode_heun_seed7/conf_0.pdb
cameo2022_medium.strict_ready,7skj_A,275,medium protein (51-400 aa),entropic,cond_marg,5,ode_heun,7,0,1,4,0.3333333333333333,0.9763437689924471,conditional_minus_marginal,run41_condmarg_saved_structure_with_cond_marg_schedule_times,0.8940869577292823,0.8940869577292807,4.117946437186859,6.0,results/run41_rebuttal/exp_05_alphaflow_cameo2022_medium_condmarg/structures/cameo2022_medium.strict_ready/7skj_A/entropic_5_ode_heun_seed7/conf_1.pdb
cameo2022_medium.strict_ready,7skj_A,275,medium protein (51-400 aa),entropic,cond_marg,5,ode_heun,7,0,2,4,0.6666666666666666,0.25684679175530867,conditional_minus_marginal,run41_condmarg_saved_structure_with_cond_marg_schedule_times,1.1781984121266587,0.47331918936605566,5.350403284548108,6.0,results/run41_rebuttal/exp_05_alphaflow_cameo2022_medium_condmarg/structures/cameo2022_medium.strict_ready/7skj_A/entropic_5_ode_heun_seed7/conf_2.pdb
cameo2022_medium.strict_ready,7skj_A,275,medium protein (51-400 aa),entropic,cond_marg,5,ode_heun,7,0,3,4,1.0,0.0,conditional_minus_marginal,run41_condmarg_saved_structure_with_cond_marg_schedule_times,1.3480312143472826,1.5087929083691005,7.590978817593524,6.0,results/run41_rebuttal/exp_05_alphaflow_cameo2022_medium_condmarg/structures/cameo2022_medium.strict_ready/7skj_A/entropic_5_ode_heun_seed7/conf_3.pdb
cameo2022_short.strict_ready,7mj3_A,44,short protein (<=50 aa),entropic,cond_marg,5,ode_heun,7,0,0,4,0.0,1.0,conditional_minus_marginal,run41_condmarg_saved_structure_with_cond_marg_schedule_times,2.7519031632476826e-15,2.7519031632476826e-15,5.102196573270515e-15,6.0,results/run41_rebuttal/exp_05_alphaflow_cameo2022_short_condmarg/structures/cameo2022_short.strict_ready/7mj3_A/entropic_5_ode_heun_seed7/conf_0.pdb
cameo2022_short.strict_ready,7mj3_A,44,short protein (<=50 aa),entropic,cond_marg,5,ode_heun,7,0,1,4,0.3333333333333333,0.9763437689924471,conditional_minus_marginal,run41_condmarg_saved_structure_with_cond_marg_schedule_times,1.683058713535044,1.683058713535044,6.290309781817436,6.0,results/run41_rebuttal/exp_05_alphaflow_cameo2022_short_condmarg/structures/cameo2022_short.strict_ready/7mj3_A/entropic_5_ode_heun_seed7/conf_1.pdb
cameo2022_short.strict_ready,7mj3_A,44,short protein (<=50 aa),entropic,cond_marg,5,ode_heun,7,0,2,4,0.6666666666666666,0.25684679175530867,conditional_minus_marginal,run41_condmarg_saved_structure_with_cond_marg_schedule_times,1.852456514743367,0.6271977212711534,6.102862161930566,6.0,results/run41_rebuttal/exp_05_alphaflow_cameo2022_short_condmarg/structures/cameo2022_short.strict_ready/7mj3_A/entropic_5_ode_heun_seed7/conf_2.pdb
cameo2022_short.strict_ready,7mj3_A,44,short protein (<=50 aa),entropic,cond_marg,5,ode_heun,7,0,3,4,1.0,0.0,conditional_minus_marginal,run41_condmarg_saved_structure_with_cond_marg_schedule_times,2.141255428583776,0.48229477695604744,7.370063854810506,6.0,results/run41_rebuttal/exp_05_alphaflow_cameo2022_short_condmarg/structures/cameo2022_short.strict_ready/7mj3_A/entropic_5_ode_heun_seed7/conf_3.pdb
atlas_test.strict_ready,6q9c_B,418,long protein (>400 aa),entropic,cond_marg,10,ode_heun,7,0,0,9,0.0,1.0,conditional_minus_marginal,run41_condmarg_saved_structure_with_cond_marg_schedule_times,8.329810421296941e-15,8.329810421296941e-15,1.798424230098713e-14,6.0,results/run41_rebuttal/exp_05_alphaflow_atlas_test_large_condmarg/structures/atlas_test.strict_ready/6q9c_B/entropic_10_ode_heun_seed7/conf_0.pdb
atlas_test.strict_ready,6q9c_B,418,long protein (>400 aa),entropic,cond_marg,10,ode_heun,7,0,1,9,0.125,0.9883421511299177,conditional_minus_marginal,run41_condmarg_saved_structure_with_cond_marg_schedule_times,1.8023515769792442,1.8023515769792426,12.873590121036244,6.0,results/run41_rebuttal/exp_05_alphaflow_atlas_test_large_condmarg/structures/atlas_test.strict_ready/6q9c_B/entropic_10_ode_heun_seed7/conf_1.pdb
atlas_test.strict_ready,6q9c_B,418,long protein (>400 aa),entropic,cond_marg,10,ode_heun,7,0,2,9,0.25,0.9766843022598011,conditional_minus_marginal,run41_condmarg_saved_structure_with_cond_marg_schedule_times,1.6692328925182298,0.5696361837175619,10.92060127848131,6.0,results/run41_rebuttal/exp_05_alphaflow_atlas_test_large_condmarg/structures/atlas_test.strict_ready/6q9c_B/entropic_10_ode_heun_seed7/conf_2.pdb
atlas_test.strict_ready,6q9c_B,418,long protein (>400 aa),entropic,cond_marg,10,ode_heun,7,0,3,9,0.375,0.9631112285156478,conditional_minus_marginal,run41_condmarg_saved_structure_with_cond_marg_schedule_times,1.6077708413879304,0.3134547011893891,10.355748552984466,6.0,results/run41_rebuttal/exp_05_alphaflow_atlas_test_large_condmarg/structures/atlas_test.strict_ready/6q9c_B/entropic_10_ode_heun_seed7/conf_3.pdb
atlas_test.strict_ready,6q9c_B,418,long protein (>400 aa),entropic,cond_marg,10,ode_heun,7,0,4,9,0.5,0.8695651023388672,conditional_minus_marginal,run41_condmarg_saved_structure_with_cond_marg_schedule_times,1.7509469875965944,0.24557188648649222,11.013986961113268,6.0,results/run41_rebuttal/exp_05_alphaflow_atlas_test_large_condmarg/structures/atlas_test.strict_ready/6q9c_B/entropic_10_ode_heun_seed7/conf_4.pdb
atlas_test.strict_ready,6q9c_B,418,long protein (>400 aa),entropic,cond_marg,10,ode_heun,7,0,5,9,0.625,0.09601062180081162,conditional_minus_marginal,run41_condmarg_saved_structure_with_cond_marg_schedule_times,1.7555873665455837,0.40438240527728253,11.21514735358923,6.0,results/run41_rebuttal/exp_05_alphaflow_atlas_test_large_condmarg/structures/atlas_test.strict_ready/6q9c_B/entropic_10_ode_heun_seed7/conf_5.pdb
atlas_test.strict_ready,6q9c_B,418,long protein (>400 aa),entropic,cond_marg,10,ode_heun,7,0,6,9,0.75,0.002428340594918472,conditional_minus_marginal,run41_condmarg_saved_structure_with_cond_marg_schedule_times,1.9067145749364096,0.35426467238402737,11.76821180686346,6.0,results/run41_rebuttal/exp_05_alphaflow_atlas_test_large_condmarg/structures/atlas_test.strict_ready/6q9c_B/entropic_10_ode_heun_seed7/conf_6.pdb
atlas_test.strict_ready,6q9c_B,418,long protein (>400 aa),entropic,cond_marg,10,ode_heun,7,0,7,9,0.875,0.0,conditional_minus_marginal,run41_condmarg_saved_structure_with_cond_marg_schedule_times,1.9466643858799084,0.2078266389917441,11.995785033735517,6.0,results/run41_rebuttal/exp_05_alphaflow_atlas_test_large_condmarg/structures/atlas_test.strict_ready/6q9c_B/entropic_10_ode_heun_seed7/conf_7.pdb
atlas_test.strict_ready,6q9c_B,418,long protein (>400 aa),entropic,cond_marg,10,ode_heun,7,0,8,9,1.0,0.0,conditional_minus_marginal,run41_condmarg_saved_structure_with_cond_marg_schedule_times,1.8779476385261653,0.4584961800743057,11.754805300266165,6.0,results/run41_rebuttal/exp_05_alphaflow_atlas_test_large_condmarg/structures/atlas_test.strict_ready/6q9c_B/entropic_10_ode_heun_seed7/conf_8.pdb
atlas_test.strict_ready,6tgk_C,105,medium protein (51-400 aa),entropic,cond_marg,10,ode_heun,7,0,0,9,0.0,1.0,conditional_minus_marginal,run41_condmarg_saved_structure_with_cond_marg_schedule_times,3.481685005577588e-15,3.481685005577588e-15,6.408593517931132e-15,6.0,results/run41_rebuttal/exp_05_alphaflow_atlas_test_medium_condmarg/structures/atlas_test.strict_ready/6tgk_C/entropic_10_ode_heun_seed7/conf_0.pdb
atlas_test.strict_ready,6tgk_C,105,medium protein (51-400 aa),entropic,cond_marg,10,ode_heun,7,0,1,9,0.125,0.9883421511299177,conditional_minus_marginal,run41_condmarg_saved_structure_with_cond_marg_schedule_times,0.20795317852749606,0.2079531785274958,1.088776026739804,6.0,results/run41_rebuttal/exp_05_alphaflow_atlas_test_medium_condmarg/structures/atlas_test.strict_ready/6tgk_C/entropic_10_ode_heun_seed7/conf_1.pdb
atlas_test.strict_ready,6tgk_C,105,medium protein (51-400 aa),entropic,cond_marg,10,ode_heun,7,0,2,9,0.25,0.9766843022598011,conditional_minus_marginal,run41_condmarg_saved_structure_with_cond_marg_schedule_times,0.23186185202774837,0.23985386219456425,1.0349528486720665,6.0,results/run41_rebuttal/exp_05_alphaflow_atlas_test_medium_condmarg/structures/atlas_test.strict_ready/6tgk_C/entropic_10_ode_heun_seed7/conf_2.pdb
atlas_test.strict_ready,6tgk_C,105,medium protein (51-400 aa),entropic,cond_marg,10,ode_heun,7,0,3,9,0.375,0.9631112285156478,conditional_minus_marginal,run41_condmarg_saved_structure_with_cond_marg_schedule_times,0.3332950558476434,0.23181359935669094,2.0716536651169424,6.0,results/run41_rebuttal/exp_05_alphaflow_atlas_test_medium_condmarg/structures/atlas_test.strict_ready/6tgk_C/entropic_10_ode_heun_seed7/conf_3.pdb
atlas_test.strict_ready,6tgk_C,105,medium protein (51-400 aa),entropic,cond_marg,10,ode_heun,7,0,4,9,0.5,0.8695651023388672,conditional_minus_marginal,run41_condmarg_saved_structure_with_cond_marg_schedule_times,0.34003198774653104,0.07721921727684265,2.1587933572656306,6.0,results/run41_rebuttal/exp_05_alphaflow_atlas_test_medium_condmarg/structures/atlas_test.strict_ready/6tgk_C/entropic_10_ode_heun_seed7/conf_4.pdb
atlas_test.strict_ready,6tgk_C,105,medium protein (51-400 aa),entropic,cond_marg,10,ode_heun,7,0,5,9,0.625,0.09601062180081162,conditional_minus_marginal,run41_condmarg_saved_structure_with_cond_marg_schedule_times,0.38551321208415457,0.09131118787808781,2.370137441205866,6.0,results/run41_rebuttal/exp_05_alphaflow_atlas_test_medium_condmarg/structures/atlas_test.strict_ready/6tgk_C/entropic_10_ode_heun_seed7/conf_5.pdb
atlas_test.strict_ready,6tgk_C,105,medium protein (51-400 aa),entropic,cond_marg,10,ode_heun,7,0,6,9,0.75,0.002428340594918472,conditional_minus_marginal,run41_condmarg_saved_structure_with_cond_marg_schedule_times,0.40775679210973503,0.15321222753781208,2.2878174479931195,6.0,results/run41_rebuttal/exp_05_alphaflow_atlas_test_medium_condmarg/structures/atlas_test.strict_ready/6tgk_C/entropic_10_ode_heun_seed7/conf_6.pdb
atlas_test.strict_ready,6tgk_C,105,medium protein (51-400 aa),entropic,cond_marg,10,ode_heun,7,0,7,9,0.875,0.0,conditional_minus_marginal,run41_condmarg_saved_structure_with_cond_marg_schedule_times,0.42969303914358437,0.08614763190274322,2.3244277877634594,6.0,results/run41_rebuttal/exp_05_alphaflow_atlas_test_medium_condmarg/structures/atlas_test.strict_ready/6tgk_C/entropic_10_ode_heun_seed7/conf_7.pdb
atlas_test.strict_ready,6tgk_C,105,medium protein (51-400 aa),entropic,cond_marg,10,ode_heun,7,0,8,9,1.0,0.0,conditional_minus_marginal,run41_condmarg_saved_structure_with_cond_marg_schedule_times,0.4232022602160933,0.24069980909097713,2.399443307651612,6.0,results/run41_rebuttal/exp_05_alphaflow_atlas_test_medium_condmarg/structures/atlas_test.strict_ready/6tgk_C/entropic_10_ode_heun_seed7/conf_8.pdb
atlas_test.strict_ready,7lp1_A,39,short protein (<=50 aa),entropic,cond_marg,10,ode_heun,7,0,0,9,0.0,1.0,conditional_minus_marginal,run41_condmarg_saved_structure_with_cond_marg_schedule_times,3.476741135719387e-15,3.476741135719387e-15,5.725996103146448e-15,6.0,results/run41_rebuttal/exp_05_alphaflow_atlas_test_short_condmarg/structures/atlas_test.strict_ready/7lp1_A/entropic_10_ode_heun_seed7/conf_0.pdb
atlas_test.strict_ready,7lp1_A,39,short protein (<=50 aa),entropic,cond_marg,10,ode_heun,7,0,1,9,0.125,0.9883421511299177,conditional_minus_marginal,run41_condmarg_saved_structure_with_cond_marg_schedule_times,0.5023078752466917,0.5023078752466922,1.43112312616509,6.0,results/run41_rebuttal/exp_05_alphaflow_atlas_test_short_condmarg/structures/atlas_test.strict_ready/7lp1_A/entropic_10_ode_heun_seed7/conf_1.pdb
atlas_test.strict_ready,7lp1_A,39,short protein (<=50 aa),entropic,cond_marg,10,ode_heun,7,0,2,9,0.25,0.9766843022598011,conditional_minus_marginal,run41_condmarg_saved_structure_with_cond_marg_schedule_times,0.5754882671178548,0.14671423777741918,1.6633870899643943,6.0,results/run41_rebuttal/exp_05_alphaflow_atlas_test_short_condmarg/structures/atlas_test.strict_ready/7lp1_A/entropic_10_ode_heun_seed7/conf_2.pdb
atlas_test.strict_ready,7lp1_A,39,short protein (<=50 aa),entropic,cond_marg,10,ode_heun,7,0,3,9,0.375,0.9631112285156478,conditional_minus_marginal,run41_condmarg_saved_structure_with_cond_marg_schedule_times,0.5749802164917577,0.04828684721462897,1.6793179809679368,6.0,results/run41_rebuttal/exp_05_alphaflow_atlas_test_short_condmarg/structures/atlas_test.strict_ready/7lp1_A/entropic_10_ode_heun_seed7/conf_3.pdb
atlas_test.strict_ready,7lp1_A,39,short protein (<=50 aa),entropic,cond_marg,10,ode_heun,7,0,4,9,0.5,0.8695651023388672,conditional_minus_marginal,run41_condmarg_saved_structure_with_cond_marg_schedule_times,0.5912201718462872,0.09604936786830748,1.705336471950459,6.0,results/run41_rebuttal/exp_05_alphaflow_atlas_test_short_condmarg/structures/atlas_test.strict_ready/7lp1_A/entropic_10_ode_heun_seed7/conf_4.pdb
atlas_test.strict_ready,7lp1_A,39,short protein (<=50 aa),entropic,cond_marg,10,ode_heun,7,0,5,9,0.625,0.09601062180081162,conditional_minus_marginal,run41_condmarg_saved_structure_with_cond_marg_schedule_times,0.8649018753780099,0.770512267333568,3.048617315863572,6.0,results/run41_rebuttal/exp_05_alphaflow_atlas_test_short_condmarg/structures/atlas_test.strict_ready/7lp1_A/entropic_10_ode_heun_seed7/conf_5.pdb
atlas_test.strict_ready,7lp1_A,39,short protein (<=50 aa),entropic,cond_marg,10,ode_heun,7,0,6,9,0.75,0.002428340594918472,conditional_minus_marginal,run41_condmarg_saved_structure_with_cond_marg_schedule_times,1.1447048178134007,0.4288209839212215,3.9469874201962747,6.0,results/run41_rebuttal/exp_05_alphaflow_atlas_test_short_condmarg/structures/atlas_test.strict_ready/7lp1_A/entropic_10_ode_heun_seed7/conf_6.pdb
atlas_test.strict_ready,7lp1_A,39,short protein (<=50 aa),entropic,cond_marg,10,ode_heun,7,0,7,9,0.875,0.0,conditional_minus_marginal,run41_condmarg_saved_structure_with_cond_marg_schedule_times,1.1438909613111556,0.15408198104747867,3.9264843211965634,6.0,results/run41_rebuttal/exp_05_alphaflow_atlas_test_short_condmarg/structures/atlas_test.strict_ready/7lp1_A/entropic_10_ode_heun_seed7/conf_7.pdb
atlas_test.strict_ready,7lp1_A,39,short protein (<=50 aa),entropic,cond_marg,10,ode_heun,7,0,8,9,1.0,0.0,conditional_minus_marginal,run41_condmarg_saved_structure_with_cond_marg_schedule_times,0.9894370272759933,0.5790870187245958,3.5166407003074487,6.0,results/run41_rebuttal/exp_05_alphaflow_atlas_test_short_condmarg/structures/atlas_test.strict_ready/7lp1_A/entropic_10_ode_heun_seed7/conf_8.pdb
cameo2022.strict_ready,7q6d_A,405,long protein (>400 aa),entropic,cond_marg,10,ode_heun,7,0,0,9,0.0,1.0,conditional_minus_marginal,run41_condmarg_saved_structure_with_cond_marg_schedule_times,8.08179484874951e-15,8.08179484874951e-15,2.1505108827574395e-14,6.0,results/run41_rebuttal/exp_05_alphaflow_cameo2022_large_condmarg/structures/cameo2022.strict_ready/7q6d_A/entropic_10_ode_heun_seed7/conf_0.pdb
cameo2022.strict_ready,7q6d_A,405,long protein (>400 aa),entropic,cond_marg,10,ode_heun,7,0,1,9,0.125,0.9894861195522126,conditional_minus_marginal,run41_condmarg_saved_structure_with_cond_marg_schedule_times,0.3764709891669249,0.3764709891669236,2.233391292229034,6.0,results/run41_rebuttal/exp_05_alphaflow_cameo2022_large_condmarg/structures/cameo2022.strict_ready/7q6d_A/entropic_10_ode_heun_seed7/conf_1.pdb
cameo2022.strict_ready,7q6d_A,405,long protein (>400 aa),entropic,cond_marg,10,ode_heun,7,0,2,9,0.25,0.9789722391044001,conditional_minus_marginal,run41_condmarg_saved_structure_with_cond_marg_schedule_times,0.49534709798616877,0.38531598674394063,3.630051823116348,6.0,results/run41_rebuttal/exp_05_alphaflow_cameo2022_large_condmarg/structures/cameo2022.strict_ready/7q6d_A/entropic_10_ode_heun_seed7/conf_2.pdb
cameo2022.strict_ready,7q6d_A,405,long protein (>400 aa),entropic,cond_marg,10,ode_heun,7,0,3,9,0.375,0.942052001756564,conditional_minus_marginal,run41_condmarg_saved_structure_with_cond_marg_schedule_times,0.43805546396334927,0.27622553036873454,2.8068635268371347,6.0,results/run41_rebuttal/exp_05_alphaflow_cameo2022_large_condmarg/structures/cameo2022.strict_ready/7q6d_A/entropic_10_ode_heun_seed7/conf_3.pdb
cameo2022.strict_ready,7q6d_A,405,long protein (>400 aa),entropic,cond_marg,10,ode_heun,7,0,4,9,0.5,0.7140675909672982,conditional_minus_marginal,run41_condmarg_saved_structure_with_cond_marg_schedule_times,0.5185458807113229,0.22432193228729486,3.2747989110880593,6.0,results/run41_rebuttal/exp_05_alphaflow_cameo2022_large_condmarg/structures/cameo2022.strict_ready/7q6d_A/entropic_10_ode_heun_seed7/conf_4.pdb
cameo2022.strict_ready,7q6d_A,405,long protein (>400 aa),entropic,cond_marg,10,ode_heun,7,0,5,9,0.625,0.11467221263427405,conditional_minus_marginal,run41_condmarg_saved_structure_with_cond_marg_schedule_times,0.7275447344190262,0.3384955200741959,5.664464247899763,6.0,results/run41_rebuttal/exp_05_alphaflow_cameo2022_large_condmarg/structures/cameo2022.strict_ready/7q6d_A/entropic_10_ode_heun_seed7/conf_5.pdb
cameo2022.strict_ready,7q6d_A,405,long protein (>400 aa),entropic,cond_marg,10,ode_heun,7,0,6,9,0.75,0.027425538903687603,conditional_minus_marginal,run41_condmarg_saved_structure_with_cond_marg_schedule_times,0.8228219339408166,0.3553725059850584,7.380669239831293,6.0,results/run41_rebuttal/exp_05_alphaflow_cameo2022_large_condmarg/structures/cameo2022.strict_ready/7q6d_A/entropic_10_ode_heun_seed7/conf_6.pdb
cameo2022.strict_ready,7q6d_A,405,long protein (>400 aa),entropic,cond_marg,10,ode_heun,7,0,7,9,0.875,0.0,conditional_minus_marginal,run41_condmarg_saved_structure_with_cond_marg_schedule_times,0.8455740195780601,0.20600552789551557,6.620383035334486,6.0,results/run41_rebuttal/exp_05_alphaflow_cameo2022_large_condmarg/structures/cameo2022.strict_ready/7q6d_A/entropic_10_ode_heun_seed7/conf_7.pdb
cameo2022.strict_ready,7q6d_A,405,long protein (>400 aa),entropic,cond_marg,10,ode_heun,7,0,8,9,1.0,0.0,conditional_minus_marginal,run41_condmarg_saved_structure_with_cond_marg_schedule_times,0.8173750085197176,0.5627450629124432,6.472192678834904,6.0,results/run41_rebuttal/exp_05_alphaflow_cameo2022_large_condmarg/structures/cameo2022.strict_ready/7q6d_A/entropic_10_ode_heun_seed7/conf_8.pdb
cameo2022_medium.strict_ready,7skj_A,275,medium protein (51-400 aa),entropic,cond_marg,10,ode_heun,7,0,0,9,0.0,1.0,conditional_minus_marginal,run41_condmarg_saved_structure_with_cond_marg_schedule_times,1.241888998742112e-14,1.241888998742112e-14,2.5680492922932105e-14,6.0,results/run41_rebuttal/exp_05_alphaflow_cameo2022_medium_condmarg/structures/cameo2022_medium.strict_ready/7skj_A/entropic_10_ode_heun_seed7/conf_0.pdb
cameo2022_medium.strict_ready,7skj_A,275,medium protein (51-400 aa),entropic,cond_marg,10,ode_heun,7,0,1,9,0.125,0.9894861195522126,conditional_minus_marginal,run41_condmarg_saved_structure_with_cond_marg_schedule_times,0.8310016565207453,0.8310016565207438,4.1244749464697374,6.0,results/run41_rebuttal/exp_05_alphaflow_cameo2022_medium_condmarg/structures/cameo2022_medium.strict_ready/7skj_A/entropic_10_ode_heun_seed7/conf_1.pdb
cameo2022_medium.strict_ready,7skj_A,275,medium protein (51-400 aa),entropic,cond_marg,10,ode_heun,7,0,2,9,0.25,0.9789722391044001,conditional_minus_marginal,run41_condmarg_saved_structure_with_cond_marg_schedule_times,1.3176249446165123,0.8176424606415289,6.83624372301574,6.0,results/run41_rebuttal/exp_05_alphaflow_cameo2022_medium_condmarg/structures/cameo2022_medium.strict_ready/7skj_A/entropic_10_ode_heun_seed7/conf_2.pdb
cameo2022_medium.strict_ready,7skj_A,275,medium protein (51-400 aa),entropic,cond_marg,10,ode_heun,7,0,3,9,0.375,0.942052001756564,conditional_minus_marginal,run41_condmarg_saved_structure_with_cond_marg_schedule_times,1.6345930143741092,0.47232089849765974,8.943013491637334,6.0,results/run41_rebuttal/exp_05_alphaflow_cameo2022_medium_condmarg/structures/cameo2022_medium.strict_ready/7skj_A/entropic_10_ode_heun_seed7/conf_3.pdb
cameo2022_medium.strict_ready,7skj_A,275,medium protein (51-400 aa),entropic,cond_marg,10,ode_heun,7,0,4,9,0.5,0.7140675909672982,conditional_minus_marginal,run41_condmarg_saved_structure_with_cond_marg_schedule_times,1.425248034813753,0.3602385173459278,7.120487518580184,6.0,results/run41_rebuttal/exp_05_alphaflow_cameo2022_medium_condmarg/structures/cameo2022_medium.strict_ready/7skj_A/entropic_10_ode_heun_seed7/conf_4.pdb
cameo2022_medium.strict_ready,7skj_A,275,medium protein (51-400 aa),entropic,cond_marg,10,ode_heun,7,0,5,9,0.625,0.11467221263427405,conditional_minus_marginal,run41_condmarg_saved_structure_with_cond_marg_schedule_times,2.2303382802410585,3.2357511347230177,14.582102941150733,6.0,results/run41_rebuttal/exp_05_alphaflow_cameo2022_medium_condmarg/structures/cameo2022_medium.strict_ready/7skj_A/entropic_10_ode_heun_seed7/conf_5.pdb
cameo2022_medium.strict_ready,7skj_A,275,medium protein (51-400 aa),entropic,cond_marg,10,ode_heun,7,0,6,9,0.75,0.027425538903687603,conditional_minus_marginal,run41_condmarg_saved_structure_with_cond_marg_schedule_times,2.7745237801318026,0.7663183497397594,18.440168260011156,6.0,results/run41_rebuttal/exp_05_alphaflow_cameo2022_medium_condmarg/structures/cameo2022_medium.strict_ready/7skj_A/entropic_10_ode_heun_seed7/conf_6.pdb
cameo2022_medium.strict_ready,7skj_A,275,medium protein (51-400 aa),entropic,cond_marg,10,ode_heun,7,0,7,9,0.875,0.0,conditional_minus_marginal,run41_condmarg_saved_structure_with_cond_marg_schedule_times,2.7791259930353167,0.20218765629559002,18.290863436176217,6.0,results/run41_rebuttal/exp_05_alphaflow_cameo2022_medium_condmarg/structures/cameo2022_medium.strict_ready/7skj_A/entropic_10_ode_heun_seed7/conf_7.pdb
cameo2022_medium.strict_ready,7skj_A,275,medium protein (51-400 aa),entropic,cond_marg,10,ode_heun,7,0,8,9,1.0,0.0,conditional_minus_marginal,run41_condmarg_saved_structure_with_cond_marg_schedule_times,2.6379117370699396,0.5654088226914008,16.875579154213902,6.0,results/run41_rebuttal/exp_05_alphaflow_cameo2022_medium_condmarg/structures/cameo2022_medium.strict_ready/7skj_A/entropic_10_ode_heun_seed7/conf_8.pdb
cameo2022_short.strict_ready,7mj3_A,44,short protein (<=50 aa),entropic,cond_marg,10,ode_heun,7,0,0,9,0.0,1.0,conditional_minus_marginal,run41_condmarg_saved_structure_with_cond_marg_schedule_times,2.7519031632476826e-15,2.7519031632476826e-15,5.102196573270515e-15,6.0,results/run41_rebuttal/exp_05_alphaflow_cameo2022_short_condmarg/structures/cameo2022_short.strict_ready/7mj3_A/entropic_10_ode_heun_seed7/conf_0.pdb
cameo2022_short.strict_ready,7mj3_A,44,short protein (<=50 aa),entropic,cond_marg,10,ode_heun,7,0,1,9,0.125,0.9894861195522126,conditional_minus_marginal,run41_condmarg_saved_structure_with_cond_marg_schedule_times,1.726838959632055,1.7268389596320552,6.4960933334035165,6.0,results/run41_rebuttal/exp_05_alphaflow_cameo2022_short_condmarg/structures/cameo2022_short.strict_ready/7mj3_A/entropic_10_ode_heun_seed7/conf_1.pdb
cameo2022_short.strict_ready,7mj3_A,44,short protein (<=50 aa),entropic,cond_marg,10,ode_heun,7,0,2,9,0.25,0.9789722391044001,conditional_minus_marginal,run41_condmarg_saved_structure_with_cond_marg_schedule_times,1.7785328140655423,0.6443172981891648,5.858119758553161,6.0,results/run41_rebuttal/exp_05_alphaflow_cameo2022_short_condmarg/structures/cameo2022_short.strict_ready/7mj3_A/entropic_10_ode_heun_seed7/conf_2.pdb
cameo2022_short.strict_ready,7mj3_A,44,short protein (<=50 aa),entropic,cond_marg,10,ode_heun,7,0,3,9,0.375,0.942052001756564,conditional_minus_marginal,run41_condmarg_saved_structure_with_cond_marg_schedule_times,2.109181981416026,0.5446250150428723,6.816130476666777,6.0,results/run41_rebuttal/exp_05_alphaflow_cameo2022_short_condmarg/structures/cameo2022_short.strict_ready/7mj3_A/entropic_10_ode_heun_seed7/conf_3.pdb
cameo2022_short.strict_ready,7mj3_A,44,short protein (<=50 aa),entropic,cond_marg,10,ode_heun,7,0,4,9,0.5,0.7140675909672982,conditional_minus_marginal,run41_condmarg_saved_structure_with_cond_marg_schedule_times,2.1837760228156697,0.1812697513689108,7.199897748648607,6.0,results/run41_rebuttal/exp_05_alphaflow_cameo2022_short_condmarg/structures/cameo2022_short.strict_ready/7mj3_A/entropic_10_ode_heun_seed7/conf_4.pdb
cameo2022_short.strict_ready,7mj3_A,44,short protein (<=50 aa),entropic,cond_marg,10,ode_heun,7,0,5,9,0.625,0.11467221263427405,conditional_minus_marginal,run41_condmarg_saved_structure_with_cond_marg_schedule_times,2.571177556209653,0.7002653852467957,8.827953370500584,6.0,results/run41_rebuttal/exp_05_alphaflow_cameo2022_short_condmarg/structures/cameo2022_short.strict_ready/7mj3_A/entropic_10_ode_heun_seed7/conf_5.pdb
cameo2022_short.strict_ready,7mj3_A,44,short protein (<=50 aa),entropic,cond_marg,10,ode_heun,7,0,6,9,0.75,0.027425538903687603,conditional_minus_marginal,run41_condmarg_saved_structure_with_cond_marg_schedule_times,2.6220756724012455,0.2436299206538572,8.743914196578942,6.0,results/run41_rebuttal/exp_05_alphaflow_cameo2022_short_condmarg/structures/cameo2022_short.strict_ready/7mj3_A/entropic_10_ode_heun_seed7/conf_6.pdb
cameo2022_short.strict_ready,7mj3_A,44,short protein (<=50 aa),entropic,cond_marg,10,ode_heun,7,0,7,9,0.875,0.0,conditional_minus_marginal,run41_condmarg_saved_structure_with_cond_marg_schedule_times,2.5766746067988673,0.1932180323841184,8.85728767649779,6.0,results/run41_rebuttal/exp_05_alphaflow_cameo2022_short_condmarg/structures/cameo2022_short.strict_ready/7mj3_A/entropic_10_ode_heun_seed7/conf_7.pdb
cameo2022_short.strict_ready,7mj3_A,44,short protein (<=50 aa),entropic,cond_marg,10,ode_heun,7,0,8,9,1.0,0.0,conditional_minus_marginal,run41_condmarg_saved_structure_with_cond_marg_schedule_times,2.5982215199068714,0.3845359693014703,8.748769146217295,6.0,results/run41_rebuttal/exp_05_alphaflow_cameo2022_short_condmarg/structures/cameo2022_short.strict_ready/7mj3_A/entropic_10_ode_heun_seed7/conf_8.pdb
atlas_test.strict_ready,6q9c_B,418,long protein (>400 aa),entropic,cond_marg,25,ode_heun,7,0,0,24,0.0,1.0,conditional_minus_marginal,run41_condmarg_saved_structure_with_cond_marg_schedule_times,8.329810421296941e-15,8.329810421296941e-15,1.798424230098713e-14,6.0,results/run41_rebuttal/exp_05_alphaflow_atlas_test_large_condmarg/structures/atlas_test.strict_ready/6q9c_B/entropic_25_ode_heun_seed7/conf_0.pdb
atlas_test.strict_ready,6q9c_B,418,long protein (>400 aa),entropic,cond_marg,25,ode_heun,7,0,1,24,0.043478260869565216,0.9956283066737407,conditional_minus_marginal,run41_condmarg_saved_structure_with_cond_marg_schedule_times,1.785854495548906,1.7858544955489044,12.686126387107302,6.0,results/run41_rebuttal/exp_05_alphaflow_atlas_test_large_condmarg/structures/atlas_test.strict_ready/6q9c_B/entropic_25_ode_heun_seed7/conf_1.pdb
atlas_test.strict_ready,6q9c_B,418,long protein (>400 aa),entropic,cond_marg,25,ode_heun,7,0,2,24,0.08695652173913043,0.991256613347447,conditional_minus_marginal,run41_condmarg_saved_structure_with_cond_marg_schedule_times,1.6710267609797638,0.6182140068615463,10.822957611311617,6.0,results/run41_rebuttal/exp_05_alphaflow_atlas_test_large_condmarg/structures/atlas_test.strict_ready/6q9c_B/entropic_25_ode_heun_seed7/conf_2.pdb
atlas_test.strict_ready,6q9c_B,418,long protein (>400 aa),entropic,cond_marg,25,ode_heun,7,0,3,24,0.13043478260869565,0.9868849200211532,conditional_minus_marginal,run41_condmarg_saved_structure_with_cond_marg_schedule_times,1.6333400167927796,0.25951952863173694,10.393654491335575,6.0,results/run41_rebuttal/exp_05_alphaflow_atlas_test_large_condmarg/structures/atlas_test.strict_ready/6q9c_B/entropic_25_ode_heun_seed7/conf_3.pdb
atlas_test.strict_ready,6q9c_B,418,long protein (>400 aa),entropic,cond_marg,25,ode_heun,7,0,4,24,0.17391304347826086,0.9825132266948595,conditional_minus_marginal,run41_condmarg_saved_structure_with_cond_marg_schedule_times,1.7263710384092206,0.1756816607597313,11.016595309477726,6.0,results/run41_rebuttal/exp_05_alphaflow_atlas_test_large_condmarg/structures/atlas_test.strict_ready/6q9c_B/entropic_25_ode_heun_seed7/conf_4.pdb
atlas_test.strict_ready,6q9c_B,418,long protein (>400 aa),entropic,cond_marg,25,ode_heun,7,0,5,24,0.21739130434782608,0.9781415333685657,conditional_minus_marginal,run41_condmarg_saved_structure_with_cond_marg_schedule_times,1.5993147638290357,0.21370344381766598,10.428445989477467,6.0,results/run41_rebuttal/exp_05_alphaflow_atlas_test_large_condmarg/structures/atlas_test.strict_ready/6q9c_B/entropic_25_ode_heun_seed7/conf_5.pdb
atlas_test.strict_ready,6q9c_B,418,long protein (>400 aa),entropic,cond_marg,25,ode_heun,7,0,6,24,0.2608695652173913,0.973769840042272,conditional_minus_marginal,run41_condmarg_saved_structure_with_cond_marg_schedule_times,1.7389832604088074,0.22054924341555257,10.832860129151252,6.0,results/run41_rebuttal/exp_05_alphaflow_atlas_test_large_condmarg/structures/atlas_test.strict_ready/6q9c_B/entropic_25_ode_heun_seed7/conf_6.pdb
atlas_test.strict_ready,6q9c_B,418,long protein (>400 aa),entropic,cond_marg,25,ode_heun,7,0,7,24,0.30434782608695654,0.9693981467159781,conditional_minus_marginal,run41_condmarg_saved_structure_with_cond_marg_schedule_times,1.6095346250422606,0.21268630308305436,10.344347451384241,6.0,results/run41_rebuttal/exp_05_alphaflow_atlas_test_large_condmarg/structures/atlas_test.strict_ready/6q9c_B/entropic_25_ode_heun_seed7/conf_7.pdb
atlas_test.strict_ready,6q9c_B,418,long protein (>400 aa),entropic,cond_marg,25,ode_heun,7,0,8,24,0.34782608695652173,0.9631112285156478,conditional_minus_marginal,run41_condmarg_saved_structure_with_cond_marg_schedule_times,1.729351805046231,0.1994522142085948,10.862846785154366,6.0,results/run41_rebuttal/exp_05_alphaflow_atlas_test_large_condmarg/structures/atlas_test.strict_ready/6q9c_B/entropic_25_ode_heun_seed7/conf_8.pdb
atlas_test.strict_ready,6q9c_B,418,long protein (>400 aa),entropic,cond_marg,25,ode_heun,7,0,9,24,0.391304347826087,0.9416796723215588,conditional_minus_marginal,run41_condmarg_saved_structure_with_cond_marg_schedule_times,1.6236478980998676,0.19034856129891412,10.284533461379395,6.0,results/run41_rebuttal/exp_05_alphaflow_atlas_test_large_condmarg/structures/atlas_test.strict_ready/6q9c_B/entropic_25_ode_heun_seed7/conf_9.pdb
atlas_test.strict_ready,6q9c_B,418,long protein (>400 aa),entropic,cond_marg,25,ode_heun,7,0,10,24,0.43478260869565216,0.9092727986028176,conditional_minus_marginal,run41_condmarg_saved_structure_with_cond_marg_schedule_times,1.7405638260657048,0.20728823377787556,10.937354899520233,6.0,results/run41_rebuttal/exp_05_alphaflow_atlas_test_large_condmarg/structures/atlas_test.strict_ready/6q9c_B/entropic_25_ode_heun_seed7/conf_10.pdb
atlas_test.strict_ready,6q9c_B,418,long protein (>400 aa),entropic,cond_marg,25,ode_heun,7,0,11,24,0.4782608695652174,0.8358510371475448,conditional_minus_marginal,run41_condmarg_saved_structure_with_cond_marg_schedule_times,1.6625559613217322,0.2401864543126903,10.200370781537794,6.0,results/run41_rebuttal/exp_05_alphaflow_atlas_test_large_condmarg/structures/atlas_test.strict_ready/6q9c_B/entropic_25_ode_heun_seed7/conf_11.pdb
atlas_test.strict_ready,6q9c_B,418,long protein (>400 aa),entropic,cond_marg,25,ode_heun,7,0,12,24,0.5217391304347826,0.4823238121768983,conditional_minus_marginal,run41_condmarg_saved_structure_with_cond_marg_schedule_times,2.0485026892126315,0.6745445842614469,12.495510752097239,6.0,results/run41_rebuttal/exp_05_alphaflow_atlas_test_large_condmarg/structures/atlas_test.strict_ready/6q9c_B/entropic_25_ode_heun_seed7/conf_12.pdb
atlas_test.strict_ready,6q9c_B,418,long protein (>400 aa),entropic,cond_marg,25,ode_heun,7,0,13,24,0.5652173913043478,0.12970806637618137,conditional_minus_marginal,run41_condmarg_saved_structure_with_cond_marg_schedule_times,2.289695108176443,0.4430490106295648,15.93835681696358,6.0,results/run41_rebuttal/exp_05_alphaflow_atlas_test_large_condmarg/structures/atlas_test.strict_ready/6q9c_B/entropic_25_ode_heun_seed7/conf_13.pdb
atlas_test.strict_ready,6q9c_B,418,long protein (>400 aa),entropic,cond_marg,25,ode_heun,7,0,14,24,0.6086956521739131,0.05628677055392257,conditional_minus_marginal,run41_condmarg_saved_structure_with_cond_marg_schedule_times,2.438929479214501,0.30070062754079385,18.129135592224753,6.0,results/run41_rebuttal/exp_05_alphaflow_atlas_test_large_condmarg/structures/atlas_test.strict_ready/6q9c_B/entropic_25_ode_heun_seed7/conf_14.pdb
atlas_test.strict_ready,6q9c_B,418,long protein (>400 aa),entropic,cond_marg,25,ode_heun,7,0,15,24,0.6521739130434783,0.02386024115421003,conditional_minus_marginal,run41_condmarg_saved_structure_with_cond_marg_schedule_times,2.4427083536536554,0.2746421237316292,17.603218816930088,6.0,results/run41_rebuttal/exp_05_alphaflow_atlas_test_large_condmarg/structures/atlas_test.strict_ready/6q9c_B/entropic_25_ode_heun_seed7/conf_15.pdb
atlas_test.strict_ready,6q9c_B,418,long protein (>400 aa),entropic,cond_marg,25,ode_heun,7,0,16,24,0.6956521739130435,0.002428340594918472,conditional_minus_marginal,run41_condmarg_saved_structure_with_cond_marg_schedule_times,2.4692621891591786,0.18865277212788237,17.62277233818356,6.0,results/run41_rebuttal/exp_05_alphaflow_atlas_test_large_condmarg/structures/atlas_test.strict_ready/6q9c_B/entropic_25_ode_heun_seed7/conf_16.pdb
atlas_test.strict_ready,6q9c_B,418,long protein (>400 aa),entropic,cond_marg,25,ode_heun,7,0,17,24,0.7391304347826086,0.0,conditional_minus_marginal,run41_condmarg_saved_structure_with_cond_marg_schedule_times,2.4988264981692105,0.18597187370351745,17.841636908627812,6.0,results/run41_rebuttal/exp_05_alphaflow_atlas_test_large_condmarg/structures/atlas_test.strict_ready/6q9c_B/entropic_25_ode_heun_seed7/conf_17.pdb
atlas_test.strict_ready,6q9c_B,418,long protein (>400 aa),entropic,cond_marg,25,ode_heun,7,0,18,24,0.782608695652174,0.0,conditional_minus_marginal,run41_condmarg_saved_structure_with_cond_marg_schedule_times,2.451928152413813,0.7209018758719457,17.926482136965987,6.0,results/run41_rebuttal/exp_05_alphaflow_atlas_test_large_condmarg/structures/atlas_test.strict_ready/6q9c_B/entropic_25_ode_heun_seed7/conf_18.pdb
atlas_test.strict_ready,6q9c_B,418,long protein (>400 aa),entropic,cond_marg,25,ode_heun,7,0,19,24,0.8260869565217391,0.0,conditional_minus_marginal,run41_condmarg_saved_structure_with_cond_marg_schedule_times,2.4102838557161133,0.4352477008878343,18.089736137938257,6.0,results/run41_rebuttal/exp_05_alphaflow_atlas_test_large_condmarg/structures/atlas_test.strict_ready/6q9c_B/entropic_25_ode_heun_seed7/conf_19.pdb
atlas_test.strict_ready,6q9c_B,418,long protein (>400 aa),entropic,cond_marg,25,ode_heun,7,0,20,24,0.8695652173913043,0.0,conditional_minus_marginal,run41_condmarg_saved_structure_with_cond_marg_schedule_times,2.215424247734205,0.32542099454303797,15.190903115958669,6.0,results/run41_rebuttal/exp_05_alphaflow_atlas_test_large_condmarg/structures/atlas_test.strict_ready/6q9c_B/entropic_25_ode_heun_seed7/conf_20.pdb
atlas_test.strict_ready,6q9c_B,418,long protein (>400 aa),entropic,cond_marg,25,ode_heun,7,0,21,24,0.9130434782608695,0.0,conditional_minus_marginal,run41_condmarg_saved_structure_with_cond_marg_schedule_times,1.7915742047950678,0.8175541002616575,10.85917664463296,6.0,results/run41_rebuttal/exp_05_alphaflow_atlas_test_large_condmarg/structures/atlas_test.strict_ready/6q9c_B/entropic_25_ode_heun_seed7/conf_21.pdb
atlas_test.strict_ready,6q9c_B,418,long protein (>400 aa),entropic,cond_marg,25,ode_heun,7,0,22,24,0.9565217391304348,0.0,conditional_minus_marginal,run41_condmarg_saved_structure_with_cond_marg_schedule_times,1.7055594923627775,0.32112641222291816,10.793879534653353,6.0,results/run41_rebuttal/exp_05_alphaflow_atlas_test_large_condmarg/structures/atlas_test.strict_ready/6q9c_B/entropic_25_ode_heun_seed7/conf_22.pdb
atlas_test.strict_ready,6q9c_B,418,long protein (>400 aa),entropic,cond_marg,25,ode_heun,7,0,23,24,1.0,0.0,conditional_minus_marginal,run41_condmarg_saved_structure_with_cond_marg_schedule_times,1.602605966131503,0.24812201314586874,10.29055992579156,6.0,results/run41_rebuttal/exp_05_alphaflow_atlas_test_large_condmarg/structures/atlas_test.strict_ready/6q9c_B/entropic_25_ode_heun_seed7/conf_23.pdb
atlas_test.strict_ready,6tgk_C,105,medium protein (51-400 aa),entropic,cond_marg,25,ode_heun,7,0,0,24,0.0,1.0,conditional_minus_marginal,run41_condmarg_saved_structure_with_cond_marg_schedule_times,3.481685005577588e-15,3.481685005577588e-15,6.408593517931132e-15,6.0,results/run41_rebuttal/exp_05_alphaflow_atlas_test_medium_condmarg/structures/atlas_test.strict_ready/6tgk_C/entropic_25_ode_heun_seed7/conf_0.pdb
atlas_test.strict_ready,6tgk_C,105,medium protein (51-400 aa),entropic,cond_marg,25,ode_heun,7,0,1,24,0.043478260869565216,0.9956283066737407,conditional_minus_marginal,run41_condmarg_saved_structure_with_cond_marg_schedule_times,0.2090357926723046,0.2090357926723043,1.1042517832948624,6.0,results/run41_rebuttal/exp_05_alphaflow_atlas_test_medium_condmarg/structures/atlas_test.strict_ready/6tgk_C/entropic_25_ode_heun_seed7/conf_1.pdb
atlas_test.strict_ready,6tgk_C,105,medium protein (51-400 aa),entropic,cond_marg,25,ode_heun,7,0,2,24,0.08695652173913043,0.991256613347447,conditional_minus_marginal,run41_condmarg_saved_structure_with_cond_marg_schedule_times,0.2323142952945813,0.23869479465223137,1.062775488233473,6.0,results/run41_rebuttal/exp_05_alphaflow_atlas_test_medium_condmarg/structures/atlas_test.strict_ready/6tgk_C/entropic_25_ode_heun_seed7/conf_2.pdb
atlas_test.strict_ready,6tgk_C,105,medium protein (51-400 aa),entropic,cond_marg,25,ode_heun,7,0,3,24,0.13043478260869565,0.9868849200211532,conditional_minus_marginal,run41_condmarg_saved_structure_with_cond_marg_schedule_times,0.3368213169800424,0.22755453806320547,2.1178664885789558,6.0,results/run41_rebuttal/exp_05_alphaflow_atlas_test_medium_condmarg/structures/atlas_test.strict_ready/6tgk_C/entropic_25_ode_heun_seed7/conf_3.pdb
atlas_test.strict_ready,6tgk_C,105,medium protein (51-400 aa),entropic,cond_marg,25,ode_heun,7,0,4,24,0.17391304347826086,0.9825132266948595,conditional_minus_marginal,run41_condmarg_saved_structure_with_cond_marg_schedule_times,0.34051604477261344,0.07004929858968577,2.1517067254220255,6.0,results/run41_rebuttal/exp_05_alphaflow_atlas_test_medium_condmarg/structures/atlas_test.strict_ready/6tgk_C/entropic_25_ode_heun_seed7/conf_4.pdb
atlas_test.strict_ready,6tgk_C,105,medium protein (51-400 aa),entropic,cond_marg,25,ode_heun,7,0,5,24,0.21739130434782608,0.9781415333685657,conditional_minus_marginal,run41_condmarg_saved_structure_with_cond_marg_schedule_times,0.34014802194599325,0.029084236554099457,2.093051095724397,6.0,results/run41_rebuttal/exp_05_alphaflow_atlas_test_medium_condmarg/structures/atlas_test.strict_ready/6tgk_C/entropic_25_ode_heun_seed7/conf_5.pdb
atlas_test.strict_ready,6tgk_C,105,medium protein (51-400 aa),entropic,cond_marg,25,ode_heun,7,0,6,24,0.2608695652173913,0.973769840042272,conditional_minus_marginal,run41_condmarg_saved_structure_with_cond_marg_schedule_times,0.31464029651703856,0.04338108580740948,1.7421897454960442,6.0,results/run41_rebuttal/exp_05_alphaflow_atlas_test_medium_condmarg/structures/atlas_test.strict_ready/6tgk_C/entropic_25_ode_heun_seed7/conf_6.pdb
atlas_test.strict_ready,6tgk_C,105,medium protein (51-400 aa),entropic,cond_marg,25,ode_heun,7,0,7,24,0.30434782608695654,0.9693981467159781,conditional_minus_marginal,run41_condmarg_saved_structure_with_cond_marg_schedule_times,0.30012808612031194,0.04721705704398476,1.5994275522379964,6.0,results/run41_rebuttal/exp_05_alphaflow_atlas_test_medium_condmarg/structures/atlas_test.strict_ready/6tgk_C/entropic_25_ode_heun_seed7/conf_7.pdb
atlas_test.strict_ready,6tgk_C,105,medium protein (51-400 aa),entropic,cond_marg,25,ode_heun,7,0,8,24,0.34782608695652173,0.9631112285156478,conditional_minus_marginal,run41_condmarg_saved_structure_with_cond_marg_schedule_times,0.26876743671853165,0.07409890370927608,0.9848749988146998,6.0,results/run41_rebuttal/exp_05_alphaflow_atlas_test_medium_condmarg/structures/atlas_test.strict_ready/6tgk_C/entropic_25_ode_heun_seed7/conf_8.pdb
atlas_test.strict_ready,6tgk_C,105,medium protein (51-400 aa),entropic,cond_marg,25,ode_heun,7,0,9,24,0.391304347826087,0.9416796723215588,conditional_minus_marginal,run41_condmarg_saved_structure_with_cond_marg_schedule_times,0.3188321527487091,0.10962190424900486,1.858067486011994,6.0,results/run41_rebuttal/exp_05_alphaflow_atlas_test_medium_condmarg/structures/atlas_test.strict_ready/6tgk_C/entropic_25_ode_heun_seed7/conf_9.pdb
atlas_test.strict_ready,6tgk_C,105,medium protein (51-400 aa),entropic,cond_marg,25,ode_heun,7,0,10,24,0.43478260869565216,0.9092727986028176,conditional_minus_marginal,run41_condmarg_saved_structure_with_cond_marg_schedule_times,0.30856174048848933,0.06852131076045817,1.7169427036446574,6.0,results/run41_rebuttal/exp_05_alphaflow_atlas_test_medium_condmarg/structures/atlas_test.strict_ready/6tgk_C/entropic_25_ode_heun_seed7/conf_10.pdb
atlas_test.strict_ready,6tgk_C,105,medium protein (51-400 aa),entropic,cond_marg,25,ode_heun,7,0,11,24,0.4782608695652174,0.8358510371475448,conditional_minus_marginal,run41_condmarg_saved_structure_with_cond_marg_schedule_times,0.3101177008300974,0.06369834537385377,1.755391681762927,6.0,results/run41_rebuttal/exp_05_alphaflow_atlas_test_medium_condmarg/structures/atlas_test.strict_ready/6tgk_C/entropic_25_ode_heun_seed7/conf_11.pdb
atlas_test.strict_ready,6tgk_C,105,medium protein (51-400 aa),entropic,cond_marg,25,ode_heun,7,0,12,24,0.5217391304347826,0.4823238121768983,conditional_minus_marginal,run41_condmarg_saved_structure_with_cond_marg_schedule_times,0.3625545386366066,0.08535299042899758,2.3041968439192804,6.0,results/run41_rebuttal/exp_05_alphaflow_atlas_test_medium_condmarg/structures/atlas_test.strict_ready/6tgk_C/entropic_25_ode_heun_seed7/conf_12.pdb
atlas_test.strict_ready,6tgk_C,105,medium protein (51-400 aa),entropic,cond_marg,25,ode_heun,7,0,13,24,0.5652173913043478,0.12970806637618137,conditional_minus_marginal,run41_condmarg_saved_structure_with_cond_marg_schedule_times,0.4107505799571181,0.09987678237775242,2.416702996226786,6.0,results/run41_rebuttal/exp_05_alphaflow_atlas_test_medium_condmarg/structures/atlas_test.strict_ready/6tgk_C/entropic_25_ode_heun_seed7/conf_13.pdb
atlas_test.strict_ready,6tgk_C,105,medium protein (51-400 aa),entropic,cond_marg,25,ode_heun,7,0,14,24,0.6086956521739131,0.05628677055392257,conditional_minus_marginal,run41_condmarg_saved_structure_with_cond_marg_schedule_times,0.4387346997076154,0.12701682460518715,2.306269318994975,6.0,results/run41_rebuttal/exp_05_alphaflow_atlas_test_medium_condmarg/structures/atlas_test.strict_ready/6tgk_C/entropic_25_ode_heun_seed7/conf_14.pdb
atlas_test.strict_ready,6tgk_C,105,medium protein (51-400 aa),entropic,cond_marg,25,ode_heun,7,0,15,24,0.6521739130434783,0.02386024115421003,conditional_minus_marginal,run41_condmarg_saved_structure_with_cond_marg_schedule_times,0.47008620088445124,0.10354638685468005,2.220869793067212,6.0,results/run41_rebuttal/exp_05_alphaflow_atlas_test_medium_condmarg/structures/atlas_test.strict_ready/6tgk_C/entropic_25_ode_heun_seed7/conf_15.pdb
atlas_test.strict_ready,6tgk_C,105,medium protein (51-400 aa),entropic,cond_marg,25,ode_heun,7,0,16,24,0.6956521739130435,0.002428340594918472,conditional_minus_marginal,run41_condmarg_saved_structure_with_cond_marg_schedule_times,0.5107193517781433,0.10580300961049575,2.094856727959292,6.0,results/run41_rebuttal/exp_05_alphaflow_atlas_test_medium_condmarg/structures/atlas_test.strict_ready/6tgk_C/entropic_25_ode_heun_seed7/conf_16.pdb
atlas_test.strict_ready,6tgk_C,105,medium protein (51-400 aa),entropic,cond_marg,25,ode_heun,7,0,17,24,0.7391304347826086,0.0,conditional_minus_marginal,run41_condmarg_saved_structure_with_cond_marg_schedule_times,0.5601357601922178,0.1091823841145831,2.1072354768417414,6.0,results/run41_rebuttal/exp_05_alphaflow_atlas_test_medium_condmarg/structures/atlas_test.strict_ready/6tgk_C/entropic_25_ode_heun_seed7/conf_17.pdb
atlas_test.strict_ready,6tgk_C,105,medium protein (51-400 aa),entropic,cond_marg,25,ode_heun,7,0,18,24,0.782608695652174,0.0,conditional_minus_marginal,run41_condmarg_saved_structure_with_cond_marg_schedule_times,0.4359862815880038,0.4156926179738189,2.453458561197334,6.0,results/run41_rebuttal/exp_05_alphaflow_atlas_test_medium_condmarg/structures/atlas_test.strict_ready/6tgk_C/entropic_25_ode_heun_seed7/conf_18.pdb
atlas_test.strict_ready,6tgk_C,105,medium protein (51-400 aa),entropic,cond_marg,25,ode_heun,7,0,19,24,0.8260869565217391,0.0,conditional_minus_marginal,run41_condmarg_saved_structure_with_cond_marg_schedule_times,0.37471197671469747,0.20746129451820766,2.3035895072552304,6.0,results/run41_rebuttal/exp_05_alphaflow_atlas_test_medium_condmarg/structures/atlas_test.strict_ready/6tgk_C/entropic_25_ode_heun_seed7/conf_19.pdb
atlas_test.strict_ready,6tgk_C,105,medium protein (51-400 aa),entropic,cond_marg,25,ode_heun,7,0,20,24,0.8695652173913043,0.0,conditional_minus_marginal,run41_condmarg_saved_structure_with_cond_marg_schedule_times,0.3724928454753257,0.047768327439757806,2.259338965352647,6.0,results/run41_rebuttal/exp_05_alphaflow_atlas_test_medium_condmarg/structures/atlas_test.strict_ready/6tgk_C/entropic_25_ode_heun_seed7/conf_20.pdb
atlas_test.strict_ready,6tgk_C,105,medium protein (51-400 aa),entropic,cond_marg,25,ode_heun,7,0,21,24,0.9130434782608695,0.0,conditional_minus_marginal,run41_condmarg_saved_structure_with_cond_marg_schedule_times,0.36511679222579657,0.028687867102675603,2.187999524960111,6.0,results/run41_rebuttal/exp_05_alphaflow_atlas_test_medium_condmarg/structures/atlas_test.strict_ready/6tgk_C/entropic_25_ode_heun_seed7/conf_21.pdb
atlas_test.strict_ready,6tgk_C,105,medium protein (51-400 aa),entropic,cond_marg,25,ode_heun,7,0,22,24,0.9565217391304348,0.0,conditional_minus_marginal,run41_condmarg_saved_structure_with_cond_marg_schedule_times,0.32247721362065945,0.07161457804475352,1.583199160505213,6.0,results/run41_rebuttal/exp_05_alphaflow_atlas_test_medium_condmarg/structures/atlas_test.strict_ready/6tgk_C/entropic_25_ode_heun_seed7/conf_22.pdb
atlas_test.strict_ready,6tgk_C,105,medium protein (51-400 aa),entropic,cond_marg,25,ode_heun,7,0,23,24,1.0,0.0,conditional_minus_marginal,run41_condmarg_saved_structure_with_cond_marg_schedule_times,0.32520091419734953,0.051384497105540806,1.6426856013683697,6.0,results/run41_rebuttal/exp_05_alphaflow_atlas_test_medium_condmarg/structures/atlas_test.strict_ready/6tgk_C/entropic_25_ode_heun_seed7/conf_23.pdb
atlas_test.strict_ready,7lp1_A,39,short protein (<=50 aa),entropic,cond_marg,25,ode_heun,7,0,0,24,0.0,1.0,conditional_minus_marginal,run41_condmarg_saved_structure_with_cond_marg_schedule_times,3.476741135719387e-15,3.476741135719387e-15,5.725996103146448e-15,6.0,results/run41_rebuttal/exp_05_alphaflow_atlas_test_short_condmarg/structures/atlas_test.strict_ready/7lp1_A/entropic_25_ode_heun_seed7/conf_0.pdb
atlas_test.strict_ready,7lp1_A,39,short protein (<=50 aa),entropic,cond_marg,25,ode_heun,7,0,1,24,0.043478260869565216,0.9956283066737407,conditional_minus_marginal,run41_condmarg_saved_structure_with_cond_marg_schedule_times,0.5241433532827773,0.5241433532827777,1.4764850548728063,6.0,results/run41_rebuttal/exp_05_alphaflow_atlas_test_short_condmarg/structures/atlas_test.strict_ready/7lp1_A/entropic_25_ode_heun_seed7/conf_1.pdb
atlas_test.strict_ready,7lp1_A,39,short protein (<=50 aa),entropic,cond_marg,25,ode_heun,7,0,2,24,0.08695652173913043,0.991256613347447,conditional_minus_marginal,run41_condmarg_saved_structure_with_cond_marg_schedule_times,0.5731965334849484,0.13799765328645067,1.6640405413273063,6.0,results/run41_rebuttal/exp_05_alphaflow_atlas_test_short_condmarg/structures/atlas_test.strict_ready/7lp1_A/entropic_25_ode_heun_seed7/conf_2.pdb
atlas_test.strict_ready,7lp1_A,39,short protein (<=50 aa),entropic,cond_marg,25,ode_heun,7,0,3,24,0.13043478260869565,0.9868849200211532,conditional_minus_marginal,run41_condmarg_saved_structure_with_cond_marg_schedule_times,0.5374941723088464,0.09255747757250626,1.537253229094706,6.0,results/run41_rebuttal/exp_05_alphaflow_atlas_test_short_condmarg/structures/atlas_test.strict_ready/7lp1_A/entropic_25_ode_heun_seed7/conf_3.pdb
atlas_test.strict_ready,7lp1_A,39,short protein (<=50 aa),entropic,cond_marg,25,ode_heun,7,0,4,24,0.17391304347826086,0.9825132266948595,conditional_minus_marginal,run41_condmarg_saved_structure_with_cond_marg_schedule_times,0.5442909181103217,0.04272198046988758,1.5237229670961472,6.0,results/run41_rebuttal/exp_05_alphaflow_atlas_test_short_condmarg/structures/atlas_test.strict_ready/7lp1_A/entropic_25_ode_heun_seed7/conf_4.pdb
atlas_test.strict_ready,7lp1_A,39,short protein (<=50 aa),entropic,cond_marg,25,ode_heun,7,0,5,24,0.21739130434782608,0.9781415333685657,conditional_minus_marginal,run41_condmarg_saved_structure_with_cond_marg_schedule_times,0.5578891339158784,0.028055518080607904,1.5942668332784835,6.0,results/run41_rebuttal/exp_05_alphaflow_atlas_test_short_condmarg/structures/atlas_test.strict_ready/7lp1_A/entropic_25_ode_heun_seed7/conf_5.pdb
atlas_test.strict_ready,7lp1_A,39,short protein (<=50 aa),entropic,cond_marg,25,ode_heun,7,0,6,24,0.2608695652173913,0.973769840042272,conditional_minus_marginal,run41_condmarg_saved_structure_with_cond_marg_schedule_times,0.5646974181384151,0.020188684317013015,1.6317069084563354,6.0,results/run41_rebuttal/exp_05_alphaflow_atlas_test_short_condmarg/structures/atlas_test.strict_ready/7lp1_A/entropic_25_ode_heun_seed7/conf_6.pdb
atlas_test.strict_ready,7lp1_A,39,short protein (<=50 aa),entropic,cond_marg,25,ode_heun,7,0,7,24,0.30434782608695654,0.9693981467159781,conditional_minus_marginal,run41_condmarg_saved_structure_with_cond_marg_schedule_times,0.5670759733383668,0.010431056141298266,1.6497572417911648,6.0,results/run41_rebuttal/exp_05_alphaflow_atlas_test_short_condmarg/structures/atlas_test.strict_ready/7lp1_A/entropic_25_ode_heun_seed7/conf_7.pdb
atlas_test.strict_ready,7lp1_A,39,short protein (<=50 aa),entropic,cond_marg,25,ode_heun,7,0,8,24,0.34782608695652173,0.9631112285156478,conditional_minus_marginal,run41_condmarg_saved_structure_with_cond_marg_schedule_times,0.5884289181733097,0.028891783553279562,1.7388310477506745,6.0,results/run41_rebuttal/exp_05_alphaflow_atlas_test_short_condmarg/structures/atlas_test.strict_ready/7lp1_A/entropic_25_ode_heun_seed7/conf_8.pdb
atlas_test.strict_ready,7lp1_A,39,short protein (<=50 aa),entropic,cond_marg,25,ode_heun,7,0,9,24,0.391304347826087,0.9416796723215588,conditional_minus_marginal,run41_condmarg_saved_structure_with_cond_marg_schedule_times,0.587559051669715,0.09798883754846573,1.6670530633337979,6.0,results/run41_rebuttal/exp_05_alphaflow_atlas_test_short_condmarg/structures/atlas_test.strict_ready/7lp1_A/entropic_25_ode_heun_seed7/conf_9.pdb
atlas_test.strict_ready,7lp1_A,39,short protein (<=50 aa),entropic,cond_marg,25,ode_heun,7,0,10,24,0.43478260869565216,0.9092727986028176,conditional_minus_marginal,run41_condmarg_saved_structure_with_cond_marg_schedule_times,0.5775602100725237,0.042870797712411014,1.6308904390227026,6.0,results/run41_rebuttal/exp_05_alphaflow_atlas_test_short_condmarg/structures/atlas_test.strict_ready/7lp1_A/entropic_25_ode_heun_seed7/conf_10.pdb
atlas_test.strict_ready,7lp1_A,39,short protein (<=50 aa),entropic,cond_marg,25,ode_heun,7,0,11,24,0.4782608695652174,0.8358510371475448,conditional_minus_marginal,run41_condmarg_saved_structure_with_cond_marg_schedule_times,0.5045974677365128,0.15147193696887046,1.4190824676370577,6.0,results/run41_rebuttal/exp_05_alphaflow_atlas_test_short_condmarg/structures/atlas_test.strict_ready/7lp1_A/entropic_25_ode_heun_seed7/conf_11.pdb
atlas_test.strict_ready,7lp1_A,39,short protein (<=50 aa),entropic,cond_marg,25,ode_heun,7,0,12,24,0.5217391304347826,0.4823238121768983,conditional_minus_marginal,run41_condmarg_saved_structure_with_cond_marg_schedule_times,0.6178141222961082,0.38879227469037436,2.324410089932265,6.0,results/run41_rebuttal/exp_05_alphaflow_atlas_test_short_condmarg/structures/atlas_test.strict_ready/7lp1_A/entropic_25_ode_heun_seed7/conf_12.pdb
atlas_test.strict_ready,7lp1_A,39,short protein (<=50 aa),entropic,cond_marg,25,ode_heun,7,0,13,24,0.5652173913043478,0.12970806637618137,conditional_minus_marginal,run41_condmarg_saved_structure_with_cond_marg_schedule_times,1.09754302591977,0.5878980111290066,4.103659255135227,6.0,results/run41_rebuttal/exp_05_alphaflow_atlas_test_short_condmarg/structures/atlas_test.strict_ready/7lp1_A/entropic_25_ode_heun_seed7/conf_13.pdb
atlas_test.strict_ready,7lp1_A,39,short protein (<=50 aa),entropic,cond_marg,25,ode_heun,7,0,14,24,0.6086956521739131,0.05628677055392257,conditional_minus_marginal,run41_condmarg_saved_structure_with_cond_marg_schedule_times,1.2537550850814514,0.24787373076523742,4.887443082521233,6.0,results/run41_rebuttal/exp_05_alphaflow_atlas_test_short_condmarg/structures/atlas_test.strict_ready/7lp1_A/entropic_25_ode_heun_seed7/conf_14.pdb
atlas_test.strict_ready,7lp1_A,39,short protein (<=50 aa),entropic,cond_marg,25,ode_heun,7,0,15,24,0.6521739130434783,0.02386024115421003,conditional_minus_marginal,run41_condmarg_saved_structure_with_cond_marg_schedule_times,1.2326794604813782,0.13001988293675198,4.811387309262361,6.0,results/run41_rebuttal/exp_05_alphaflow_atlas_test_short_condmarg/structures/atlas_test.strict_ready/7lp1_A/entropic_25_ode_heun_seed7/conf_15.pdb
atlas_test.strict_ready,7lp1_A,39,short protein (<=50 aa),entropic,cond_marg,25,ode_heun,7,0,16,24,0.6956521739130435,0.002428340594918472,conditional_minus_marginal,run41_condmarg_saved_structure_with_cond_marg_schedule_times,1.2300957315200074,0.12858193486348976,4.77286953698861,6.0,results/run41_rebuttal/exp_05_alphaflow_atlas_test_short_condmarg/structures/atlas_test.strict_ready/7lp1_A/entropic_25_ode_heun_seed7/conf_16.pdb
atlas_test.strict_ready,7lp1_A,39,short protein (<=50 aa),entropic,cond_marg,25,ode_heun,7,0,17,24,0.7391304347826086,0.0,conditional_minus_marginal,run41_condmarg_saved_structure_with_cond_marg_schedule_times,1.2240743987086509,0.16894453523700073,4.642025261760935,6.0,results/run41_rebuttal/exp_05_alphaflow_atlas_test_short_condmarg/structures/atlas_test.strict_ready/7lp1_A/entropic_25_ode_heun_seed7/conf_17.pdb
atlas_test.strict_ready,7lp1_A,39,short protein (<=50 aa),entropic,cond_marg,25,ode_heun,7,0,18,24,0.782608695652174,0.0,conditional_minus_marginal,run41_condmarg_saved_structure_with_cond_marg_schedule_times,1.0595212154759721,0.5929911597853628,3.6001907803140965,6.0,results/run41_rebuttal/exp_05_alphaflow_atlas_test_short_condmarg/structures/atlas_test.strict_ready/7lp1_A/entropic_25_ode_heun_seed7/conf_18.pdb
atlas_test.strict_ready,7lp1_A,39,short protein (<=50 aa),entropic,cond_marg,25,ode_heun,7,0,19,24,0.8260869565217391,0.0,conditional_minus_marginal,run41_condmarg_saved_structure_with_cond_marg_schedule_times,0.661321845487013,0.5741410529204056,2.1828539869559584,6.0,results/run41_rebuttal/exp_05_alphaflow_atlas_test_short_condmarg/structures/atlas_test.strict_ready/7lp1_A/entropic_25_ode_heun_seed7/conf_19.pdb
atlas_test.strict_ready,7lp1_A,39,short protein (<=50 aa),entropic,cond_marg,25,ode_heun,7,0,20,24,0.8695652173913043,0.0,conditional_minus_marginal,run41_condmarg_saved_structure_with_cond_marg_schedule_times,0.5742491036820363,0.24017696471832875,1.7342591880887641,6.0,results/run41_rebuttal/exp_05_alphaflow_atlas_test_short_condmarg/structures/atlas_test.strict_ready/7lp1_A/entropic_25_ode_heun_seed7/conf_20.pdb
atlas_test.strict_ready,7lp1_A,39,short protein (<=50 aa),entropic,cond_marg,25,ode_heun,7,0,21,24,0.9130434782608695,0.0,conditional_minus_marginal,run41_condmarg_saved_structure_with_cond_marg_schedule_times,0.5146263357572873,0.1531723506235836,1.352132801348949,6.0,results/run41_rebuttal/exp_05_alphaflow_atlas_test_short_condmarg/structures/atlas_test.strict_ready/7lp1_A/entropic_25_ode_heun_seed7/conf_21.pdb
atlas_test.strict_ready,7lp1_A,39,short protein (<=50 aa),entropic,cond_marg,25,ode_heun,7,0,22,24,0.9565217391304348,0.0,conditional_minus_marginal,run41_condmarg_saved_structure_with_cond_marg_schedule_times,0.49288195610741314,0.09536155868431687,1.545185502717245,6.0,results/run41_rebuttal/exp_05_alphaflow_atlas_test_short_condmarg/structures/atlas_test.strict_ready/7lp1_A/entropic_25_ode_heun_seed7/conf_22.pdb
atlas_test.strict_ready,7lp1_A,39,short protein (<=50 aa),entropic,cond_marg,25,ode_heun,7,0,23,24,1.0,0.0,conditional_minus_marginal,run41_condmarg_saved_structure_with_cond_marg_schedule_times,0.5002218699429192,0.04484310925972081,1.6227112472186422,6.0,results/run41_rebuttal/exp_05_alphaflow_atlas_test_short_condmarg/structures/atlas_test.strict_ready/7lp1_A/entropic_25_ode_heun_seed7/conf_23.pdb
cameo2022.strict_ready,7q6d_A,405,long protein (>400 aa),entropic,cond_marg,25,ode_heun,7,0,0,24,0.0,1.0,conditional_minus_marginal,run41_condmarg_saved_structure_with_cond_marg_schedule_times,8.08179484874951e-15,8.08179484874951e-15,2.1505108827574395e-14,6.0,results/run41_rebuttal/exp_05_alphaflow_cameo2022_large_condmarg/structures/cameo2022.strict_ready/7q6d_A/entropic_25_ode_heun_seed7/conf_0.pdb
cameo2022.strict_ready,7q6d_A,405,long protein (>400 aa),entropic,cond_marg,25,ode_heun,7,0,1,24,0.043478260869565216,0.9960572948320954,conditional_minus_marginal,run41_condmarg_saved_structure_with_cond_marg_schedule_times,0.37382246377098066,0.37382246377097933,2.223286400538418,6.0,results/run41_rebuttal/exp_05_alphaflow_cameo2022_large_condmarg/structures/cameo2022.strict_ready/7q6d_A/entropic_25_ode_heun_seed7/conf_1.pdb
cameo2022.strict_ready,7q6d_A,405,long protein (>400 aa),entropic,cond_marg,25,ode_heun,7,0,2,24,0.08695652173913043,0.9921145896641657,conditional_minus_marginal,run41_condmarg_saved_structure_with_cond_marg_schedule_times,0.49268027096715233,0.36449813698734596,3.5290562286481495,6.0,results/run41_rebuttal/exp_05_alphaflow_cameo2022_large_condmarg/structures/cameo2022.strict_ready/7q6d_A/entropic_25_ode_heun_seed7/conf_2.pdb
cameo2022.strict_ready,7q6d_A,405,long protein (>400 aa),entropic,cond_marg,25,ode_heun,7,0,3,24,0.13043478260869565,0.988171884496236,conditional_minus_marginal,run41_condmarg_saved_structure_with_cond_marg_schedule_times,0.44540652950767184,0.22894453504997095,2.7632154362633785,6.0,results/run41_rebuttal/exp_05_alphaflow_cameo2022_large_condmarg/structures/cameo2022.strict_ready/7q6d_A/entropic_25_ode_heun_seed7/conf_3.pdb
cameo2022.strict_ready,7q6d_A,405,long protein (>400 aa),entropic,cond_marg,25,ode_heun,7,0,4,24,0.17391304347826086,0.9842291793283064,conditional_minus_marginal,run41_condmarg_saved_structure_with_cond_marg_schedule_times,0.5186306707414006,0.19630284693920885,3.3020416086902675,6.0,results/run41_rebuttal/exp_05_alphaflow_cameo2022_large_condmarg/structures/cameo2022.strict_ready/7q6d_A/entropic_25_ode_heun_seed7/conf_4.pdb
cameo2022.strict_ready,7q6d_A,405,long protein (>400 aa),entropic,cond_marg,25,ode_heun,7,0,5,24,0.21739130434782608,0.9802864741603767,conditional_minus_marginal,run41_condmarg_saved_structure_with_cond_marg_schedule_times,0.4857946569821632,0.1137105351610263,3.020918944723014,6.0,results/run41_rebuttal/exp_05_alphaflow_cameo2022_large_condmarg/structures/cameo2022.strict_ready/7q6d_A/entropic_25_ode_heun_seed7/conf_5.pdb
cameo2022.strict_ready,7q6d_A,405,long protein (>400 aa),entropic,cond_marg,25,ode_heun,7,0,6,24,0.2608695652173913,0.9763437689924471,conditional_minus_marginal,run41_condmarg_saved_structure_with_cond_marg_schedule_times,0.4690338732240309,0.16725689909313513,3.0475052675333902,6.0,results/run41_rebuttal/exp_05_alphaflow_cameo2022_large_condmarg/structures/cameo2022.strict_ready/7q6d_A/entropic_25_ode_heun_seed7/conf_6.pdb
cameo2022.strict_ready,7q6d_A,405,long protein (>400 aa),entropic,cond_marg,25,ode_heun,7,0,7,24,0.30434782608695654,0.960884738590846,conditional_minus_marginal,run41_condmarg_saved_structure_with_cond_marg_schedule_times,0.5238958373645448,0.2278632970440753,3.142967561381327,6.0,results/run41_rebuttal/exp_05_alphaflow_cameo2022_large_condmarg/structures/cameo2022.strict_ready/7q6d_A/entropic_25_ode_heun_seed7/conf_7.pdb
cameo2022.strict_ready,7q6d_A,405,long protein (>400 aa),entropic,cond_marg,25,ode_heun,7,0,8,24,0.34782608695652173,0.942052001756564,conditional_minus_marginal,run41_condmarg_saved_structure_with_cond_marg_schedule_times,0.4938181678682336,0.09804751302942423,3.1456778506086343,6.0,results/run41_rebuttal/exp_05_alphaflow_cameo2022_large_condmarg/structures/cameo2022.strict_ready/7q6d_A/entropic_25_ode_heun_seed7/conf_8.pdb
cameo2022.strict_ready,7q6d_A,405,long protein (>400 aa),entropic,cond_marg,25,ode_heun,7,0,9,24,0.391304347826087,0.9258872819230904,conditional_minus_marginal,run41_condmarg_saved_structure_with_cond_marg_schedule_times,0.483290419744557,0.11590802278361587,3.182078503861655,6.0,results/run41_rebuttal/exp_05_alphaflow_cameo2022_large_condmarg/structures/cameo2022.strict_ready/7q6d_A/entropic_25_ode_heun_seed7/conf_9.pdb
cameo2022.strict_ready,7q6d_A,405,long protein (>400 aa),entropic,cond_marg,25,ode_heun,7,0,10,24,0.43478260869565216,0.8801678940455939,conditional_minus_marginal,run41_condmarg_saved_structure_with_cond_marg_schedule_times,0.5333090090549247,0.16707198227053216,3.360756798143053,6.0,results/run41_rebuttal/exp_05_alphaflow_cameo2022_large_condmarg/structures/cameo2022.strict_ready/7q6d_A/entropic_25_ode_heun_seed7/conf_10.pdb
cameo2022.strict_ready,7q6d_A,405,long protein (>400 aa),entropic,cond_marg,25,ode_heun,7,0,11,24,0.4782608695652174,0.6139452407272133,conditional_minus_marginal,run41_condmarg_saved_structure_with_cond_marg_schedule_times,0.5210848039370586,0.1059790964462003,3.4850554164290144,6.0,results/run41_rebuttal/exp_05_alphaflow_cameo2022_large_condmarg/structures/cameo2022.strict_ready/7q6d_A/entropic_25_ode_heun_seed7/conf_11.pdb
cameo2022.strict_ready,7q6d_A,405,long protein (>400 aa),entropic,cond_marg,25,ode_heun,7,0,12,24,0.5217391304347826,0.25684679175530867,conditional_minus_marginal,run41_condmarg_saved_structure_with_cond_marg_schedule_times,0.739947087508351,0.40311737399791325,7.764038136001922,6.0,results/run41_rebuttal/exp_05_alphaflow_cameo2022_large_condmarg/structures/cameo2022.strict_ready/7q6d_A/entropic_25_ode_heun_seed7/conf_12.pdb
cameo2022.strict_ready,7q6d_A,405,long protein (>400 aa),entropic,cond_marg,25,ode_heun,7,0,13,24,0.5652173913043478,0.13544244978854517,conditional_minus_marginal,run41_condmarg_saved_structure_with_cond_marg_schedule_times,0.8602528686617131,0.32342425956292137,9.216114426338141,6.0,results/run41_rebuttal/exp_05_alphaflow_cameo2022_large_condmarg/structures/cameo2022.strict_ready/7q6d_A/entropic_25_ode_heun_seed7/conf_13.pdb
cameo2022.strict_ready,7q6d_A,405,long protein (>400 aa),entropic,cond_marg,25,ode_heun,7,0,14,24,0.6086956521739131,0.08279245715383278,conditional_minus_marginal,run41_condmarg_saved_structure_with_cond_marg_schedule_times,0.9533940617846276,0.3054864447687339,9.410089125511345,6.0,results/run41_rebuttal/exp_05_alphaflow_cameo2022_large_condmarg/structures/cameo2022.strict_ready/7q6d_A/entropic_25_ode_heun_seed7/conf_14.pdb
cameo2022.strict_ready,7q6d_A,405,long protein (>400 aa),entropic,cond_marg,25,ode_heun,7,0,15,24,0.6521739130434783,0.0488491210618461,conditional_minus_marginal,run41_condmarg_saved_structure_with_cond_marg_schedule_times,1.0519897641078075,0.24352052406418317,9.831085187551729,6.0,results/run41_rebuttal/exp_05_alphaflow_cameo2022_large_condmarg/structures/cameo2022.strict_ready/7q6d_A/entropic_25_ode_heun_seed7/conf_15.pdb
cameo2022.strict_ready,7q6d_A,405,long protein (>400 aa),entropic,cond_marg,25,ode_heun,7,0,16,24,0.6956521739130435,0.027425538903687603,conditional_minus_marginal,run41_condmarg_saved_structure_with_cond_marg_schedule_times,1.1048211278268618,0.1901333032480143,9.560822602161648,6.0,results/run41_rebuttal/exp_05_alphaflow_cameo2022_large_condmarg/structures/cameo2022.strict_ready/7q6d_A/entropic_25_ode_heun_seed7/conf_16.pdb
cameo2022.strict_ready,7q6d_A,405,long protein (>400 aa),entropic,cond_marg,25,ode_heun,7,0,17,24,0.7391304347826086,0.010667445969188451,conditional_minus_marginal,run41_condmarg_saved_structure_with_cond_marg_schedule_times,1.194602920075592,0.213955558526845,9.83173622668247,6.0,results/run41_rebuttal/exp_05_alphaflow_cameo2022_large_condmarg/structures/cameo2022.strict_ready/7q6d_A/entropic_25_ode_heun_seed7/conf_17.pdb
cameo2022.strict_ready,7q6d_A,405,long protein (>400 aa),entropic,cond_marg,25,ode_heun,7,0,18,24,0.782608695652174,0.0,conditional_minus_marginal,run41_condmarg_saved_structure_with_cond_marg_schedule_times,1.029394692462524,0.9072555933403186,11.201186573992606,6.0,results/run41_rebuttal/exp_05_alphaflow_cameo2022_large_condmarg/structures/cameo2022.strict_ready/7q6d_A/entropic_25_ode_heun_seed7/conf_18.pdb
cameo2022.strict_ready,7q6d_A,405,long protein (>400 aa),entropic,cond_marg,25,ode_heun,7,0,19,24,0.8260869565217391,0.0,conditional_minus_marginal,run41_condmarg_saved_structure_with_cond_marg_schedule_times,0.5785980122871152,0.8259042794591864,4.326591802842475,6.0,results/run41_rebuttal/exp_05_alphaflow_cameo2022_large_condmarg/structures/cameo2022.strict_ready/7q6d_A/entropic_25_ode_heun_seed7/conf_19.pdb
cameo2022.strict_ready,7q6d_A,405,long protein (>400 aa),entropic,cond_marg,25,ode_heun,7,0,20,24,0.8695652173913043,0.0,conditional_minus_marginal,run41_condmarg_saved_structure_with_cond_marg_schedule_times,0.6025597783782131,0.19086994692623205,4.138957898930015,6.0,results/run41_rebuttal/exp_05_alphaflow_cameo2022_large_condmarg/structures/cameo2022.strict_ready/7q6d_A/entropic_25_ode_heun_seed7/conf_20.pdb
cameo2022.strict_ready,7q6d_A,405,long protein (>400 aa),entropic,cond_marg,25,ode_heun,7,0,21,24,0.9130434782608695,0.0,conditional_minus_marginal,run41_condmarg_saved_structure_with_cond_marg_schedule_times,0.5611822946699446,0.1038323429502654,3.6917617429062743,6.0,results/run41_rebuttal/exp_05_alphaflow_cameo2022_large_condmarg/structures/cameo2022.strict_ready/7q6d_A/entropic_25_ode_heun_seed7/conf_21.pdb
cameo2022.strict_ready,7q6d_A,405,long protein (>400 aa),entropic,cond_marg,25,ode_heun,7,0,22,24,0.9565217391304348,0.0,conditional_minus_marginal,run41_condmarg_saved_structure_with_cond_marg_schedule_times,0.5407544390327942,0.06541231491866871,3.422719655684518,6.0,results/run41_rebuttal/exp_05_alphaflow_cameo2022_large_condmarg/structures/cameo2022.strict_ready/7q6d_A/entropic_25_ode_heun_seed7/conf_22.pdb
cameo2022.strict_ready,7q6d_A,405,long protein (>400 aa),entropic,cond_marg,25,ode_heun,7,0,23,24,1.0,0.0,conditional_minus_marginal,run41_condmarg_saved_structure_with_cond_marg_schedule_times,0.5228136074454516,0.05571160786833883,3.1190765734578165,6.0,results/run41_rebuttal/exp_05_alphaflow_cameo2022_large_condmarg/structures/cameo2022.strict_ready/7q6d_A/entropic_25_ode_heun_seed7/conf_23.pdb
cameo2022_medium.strict_ready,7skj_A,275,medium protein (51-400 aa),entropic,cond_marg,25,ode_heun,7,0,0,24,0.0,1.0,conditional_minus_marginal,run41_condmarg_saved_structure_with_cond_marg_schedule_times,1.241888998742112e-14,1.241888998742112e-14,2.5680492922932105e-14,6.0,results/run41_rebuttal/exp_05_alphaflow_cameo2022_medium_condmarg/structures/cameo2022_medium.strict_ready/7skj_A/entropic_25_ode_heun_seed7/conf_0.pdb
cameo2022_medium.strict_ready,7skj_A,275,medium protein (51-400 aa),entropic,cond_marg,25,ode_heun,7,0,1,24,0.043478260869565216,0.9960572948320954,conditional_minus_marginal,run41_condmarg_saved_structure_with_cond_marg_schedule_times,0.893807411600171,0.8938074116001696,4.162286119603761,6.0,results/run41_rebuttal/exp_05_alphaflow_cameo2022_medium_condmarg/structures/cameo2022_medium.strict_ready/7skj_A/entropic_25_ode_heun_seed7/conf_1.pdb
cameo2022_medium.strict_ready,7skj_A,275,medium protein (51-400 aa),entropic,cond_marg,25,ode_heun,7,0,2,24,0.08695652173913043,0.9921145896641657,conditional_minus_marginal,run41_condmarg_saved_structure_with_cond_marg_schedule_times,1.5315777745802894,0.9807539057442964,9.032276631398107,6.0,results/run41_rebuttal/exp_05_alphaflow_cameo2022_medium_condmarg/structures/cameo2022_medium.strict_ready/7skj_A/entropic_25_ode_heun_seed7/conf_2.pdb
cameo2022_medium.strict_ready,7skj_A,275,medium protein (51-400 aa),entropic,cond_marg,25,ode_heun,7,0,3,24,0.13043478260869565,0.988171884496236,conditional_minus_marginal,run41_condmarg_saved_structure_with_cond_marg_schedule_times,1.7750048638754967,0.45033556516569356,10.376939776676707,6.0,results/run41_rebuttal/exp_05_alphaflow_cameo2022_medium_condmarg/structures/cameo2022_medium.strict_ready/7skj_A/entropic_25_ode_heun_seed7/conf_3.pdb
cameo2022_medium.strict_ready,7skj_A,275,medium protein (51-400 aa),entropic,cond_marg,25,ode_heun,7,0,4,24,0.17391304347826086,0.9842291793283064,conditional_minus_marginal,run41_condmarg_saved_structure_with_cond_marg_schedule_times,1.8813224939324589,0.29898087916449434,11.246085759657676,6.0,results/run41_rebuttal/exp_05_alphaflow_cameo2022_medium_condmarg/structures/cameo2022_medium.strict_ready/7skj_A/entropic_25_ode_heun_seed7/conf_4.pdb
cameo2022_medium.strict_ready,7skj_A,275,medium protein (51-400 aa),entropic,cond_marg,25,ode_heun,7,0,5,24,0.21739130434782608,0.9802864741603767,conditional_minus_marginal,run41_condmarg_saved_structure_with_cond_marg_schedule_times,2.1095827327313783,0.37317444015362816,13.612023940579752,6.0,results/run41_rebuttal/exp_05_alphaflow_cameo2022_medium_condmarg/structures/cameo2022_medium.strict_ready/7skj_A/entropic_25_ode_heun_seed7/conf_5.pdb
cameo2022_medium.strict_ready,7skj_A,275,medium protein (51-400 aa),entropic,cond_marg,25,ode_heun,7,0,6,24,0.2608695652173913,0.9763437689924471,conditional_minus_marginal,run41_condmarg_saved_structure_with_cond_marg_schedule_times,2.288348205674235,0.23135641720532518,14.829665740865892,6.0,results/run41_rebuttal/exp_05_alphaflow_cameo2022_medium_condmarg/structures/cameo2022_medium.strict_ready/7skj_A/entropic_25_ode_heun_seed7/conf_6.pdb
cameo2022_medium.strict_ready,7skj_A,275,medium protein (51-400 aa),entropic,cond_marg,25,ode_heun,7,0,7,24,0.30434782608695654,0.960884738590846,conditional_minus_marginal,run41_condmarg_saved_structure_with_cond_marg_schedule_times,2.368088104965712,0.10881845890105658,15.49867210797669,6.0,results/run41_rebuttal/exp_05_alphaflow_cameo2022_medium_condmarg/structures/cameo2022_medium.strict_ready/7skj_A/entropic_25_ode_heun_seed7/conf_7.pdb
cameo2022_medium.strict_ready,7skj_A,275,medium protein (51-400 aa),entropic,cond_marg,25,ode_heun,7,0,8,24,0.34782608695652173,0.942052001756564,conditional_minus_marginal,run41_condmarg_saved_structure_with_cond_marg_schedule_times,2.39054113802278,0.4064875395290386,14.779203659951595,6.0,results/run41_rebuttal/exp_05_alphaflow_cameo2022_medium_condmarg/structures/cameo2022_medium.strict_ready/7skj_A/entropic_25_ode_heun_seed7/conf_8.pdb
cameo2022_medium.strict_ready,7skj_A,275,medium protein (51-400 aa),entropic,cond_marg,25,ode_heun,7,0,9,24,0.391304347826087,0.9258872819230904,conditional_minus_marginal,run41_condmarg_saved_structure_with_cond_marg_schedule_times,2.2906578423009267,0.3931136318243138,13.455575127905888,6.0,results/run41_rebuttal/exp_05_alphaflow_cameo2022_medium_condmarg/structures/cameo2022_medium.strict_ready/7skj_A/entropic_25_ode_heun_seed7/conf_9.pdb
cameo2022_medium.strict_ready,7skj_A,275,medium protein (51-400 aa),entropic,cond_marg,25,ode_heun,7,0,10,24,0.43478260869565216,0.8801678940455939,conditional_minus_marginal,run41_condmarg_saved_structure_with_cond_marg_schedule_times,1.9376142095367477,0.4395330806750624,11.11395438892048,6.0,results/run41_rebuttal/exp_05_alphaflow_cameo2022_medium_condmarg/structures/cameo2022_medium.strict_ready/7skj_A/entropic_25_ode_heun_seed7/conf_10.pdb
cameo2022_medium.strict_ready,7skj_A,275,medium protein (51-400 aa),entropic,cond_marg,25,ode_heun,7,0,11,24,0.4782608695652174,0.6139452407272133,conditional_minus_marginal,run41_condmarg_saved_structure_with_cond_marg_schedule_times,1.2732624963013497,1.057499670088782,7.053359496947041,6.0,results/run41_rebuttal/exp_05_alphaflow_cameo2022_medium_condmarg/structures/cameo2022_medium.strict_ready/7skj_A/entropic_25_ode_heun_seed7/conf_11.pdb
cameo2022_medium.strict_ready,7skj_A,275,medium protein (51-400 aa),entropic,cond_marg,25,ode_heun,7,0,12,24,0.5217391304347826,0.25684679175530867,conditional_minus_marginal,run41_condmarg_saved_structure_with_cond_marg_schedule_times,1.4184384762527176,1.5311172194926963,10.434355810262149,6.0,results/run41_rebuttal/exp_05_alphaflow_cameo2022_medium_condmarg/structures/cameo2022_medium.strict_ready/7skj_A/entropic_25_ode_heun_seed7/conf_12.pdb
cameo2022_medium.strict_ready,7skj_A,275,medium protein (51-400 aa),entropic,cond_marg,25,ode_heun,7,0,13,24,0.5652173913043478,0.13544244978854517,conditional_minus_marginal,run41_condmarg_saved_structure_with_cond_marg_schedule_times,2.333768801713733,1.413203525553011,15.57329082560219,6.0,results/run41_rebuttal/exp_05_alphaflow_cameo2022_medium_condmarg/structures/cameo2022_medium.strict_ready/7skj_A/entropic_25_ode_heun_seed7/conf_13.pdb
cameo2022_medium.strict_ready,7skj_A,275,medium protein (51-400 aa),entropic,cond_marg,25,ode_heun,7,0,14,24,0.6086956521739131,0.08279245715383278,conditional_minus_marginal,run41_condmarg_saved_structure_with_cond_marg_schedule_times,2.661573699030773,0.5456726744442679,17.751793783919847,6.0,results/run41_rebuttal/exp_05_alphaflow_cameo2022_medium_condmarg/structures/cameo2022_medium.strict_ready/7skj_A/entropic_25_ode_heun_seed7/conf_14.pdb
cameo2022_medium.strict_ready,7skj_A,275,medium protein (51-400 aa),entropic,cond_marg,25,ode_heun,7,0,15,24,0.6521739130434783,0.0488491210618461,conditional_minus_marginal,run41_condmarg_saved_structure_with_cond_marg_schedule_times,2.5750213026043722,0.2689101515301579,16.83470239388846,6.0,results/run41_rebuttal/exp_05_alphaflow_cameo2022_medium_condmarg/structures/cameo2022_medium.strict_ready/7skj_A/entropic_25_ode_heun_seed7/conf_15.pdb
cameo2022_medium.strict_ready,7skj_A,275,medium protein (51-400 aa),entropic,cond_marg,25,ode_heun,7,0,16,24,0.6956521739130435,0.027425538903687603,conditional_minus_marginal,run41_condmarg_saved_structure_with_cond_marg_schedule_times,2.5844954101469684,0.18015890405379198,16.381206294468228,6.0,results/run41_rebuttal/exp_05_alphaflow_cameo2022_medium_condmarg/structures/cameo2022_medium.strict_ready/7skj_A/entropic_25_ode_heun_seed7/conf_16.pdb
cameo2022_medium.strict_ready,7skj_A,275,medium protein (51-400 aa),entropic,cond_marg,25,ode_heun,7,0,17,24,0.7391304347826086,0.010667445969188451,conditional_minus_marginal,run41_condmarg_saved_structure_with_cond_marg_schedule_times,2.599602425110057,0.1896126206829276,16.14062996743631,6.0,results/run41_rebuttal/exp_05_alphaflow_cameo2022_medium_condmarg/structures/cameo2022_medium.strict_ready/7skj_A/entropic_25_ode_heun_seed7/conf_17.pdb
cameo2022_medium.strict_ready,7skj_A,275,medium protein (51-400 aa),entropic,cond_marg,25,ode_heun,7,0,18,24,0.782608695652174,0.0,conditional_minus_marginal,run41_condmarg_saved_structure_with_cond_marg_schedule_times,2.5775188637556194,0.7675287586093545,16.08687850128786,6.0,results/run41_rebuttal/exp_05_alphaflow_cameo2022_medium_condmarg/structures/cameo2022_medium.strict_ready/7skj_A/entropic_25_ode_heun_seed7/conf_18.pdb
cameo2022_medium.strict_ready,7skj_A,275,medium protein (51-400 aa),entropic,cond_marg,25,ode_heun,7,0,19,24,0.8260869565217391,0.0,conditional_minus_marginal,run41_condmarg_saved_structure_with_cond_marg_schedule_times,2.2207255967001096,1.0142180426939613,13.522149685520297,6.0,results/run41_rebuttal/exp_05_alphaflow_cameo2022_medium_condmarg/structures/cameo2022_medium.strict_ready/7skj_A/entropic_25_ode_heun_seed7/conf_19.pdb
cameo2022_medium.strict_ready,7skj_A,275,medium protein (51-400 aa),entropic,cond_marg,25,ode_heun,7,0,20,24,0.8695652173913043,0.0,conditional_minus_marginal,run41_condmarg_saved_structure_with_cond_marg_schedule_times,1.7963414067836638,0.7638360833768253,10.907567685351884,6.0,results/run41_rebuttal/exp_05_alphaflow_cameo2022_medium_condmarg/structures/cameo2022_medium.strict_ready/7skj_A/entropic_25_ode_heun_seed7/conf_20.pdb
cameo2022_medium.strict_ready,7skj_A,275,medium protein (51-400 aa),entropic,cond_marg,25,ode_heun,7,0,21,24,0.9130434782608695,0.0,conditional_minus_marginal,run41_condmarg_saved_structure_with_cond_marg_schedule_times,8.936000878295124,9.91921489096694,40.214050745067105,6.0,results/run41_rebuttal/exp_05_alphaflow_cameo2022_medium_condmarg/structures/cameo2022_medium.strict_ready/7skj_A/entropic_25_ode_heun_seed7/conf_21.pdb
cameo2022_medium.strict_ready,7skj_A,275,medium protein (51-400 aa),entropic,cond_marg,25,ode_heun,7,0,22,24,0.9565217391304348,0.0,conditional_minus_marginal,run41_condmarg_saved_structure_with_cond_marg_schedule_times,9.727563491630113,1.3913028046579679,49.406962833107634,6.0,results/run41_rebuttal/exp_05_alphaflow_cameo2022_medium_condmarg/structures/cameo2022_medium.strict_ready/7skj_A/entropic_25_ode_heun_seed7/conf_22.pdb
cameo2022_medium.strict_ready,7skj_A,275,medium protein (51-400 aa),entropic,cond_marg,25,ode_heun,7,0,23,24,1.0,0.0,conditional_minus_marginal,run41_condmarg_saved_structure_with_cond_marg_schedule_times,9.389559591306826,0.5055900602981755,48.33058687597196,6.0,results/run41_rebuttal/exp_05_alphaflow_cameo2022_medium_condmarg/structures/cameo2022_medium.strict_ready/7skj_A/entropic_25_ode_heun_seed7/conf_23.pdb
cameo2022_short.strict_ready,7mj3_A,44,short protein (<=50 aa),entropic,cond_marg,25,ode_heun,7,0,0,24,0.0,1.0,conditional_minus_marginal,run41_condmarg_saved_structure_with_cond_marg_schedule_times,2.7519031632476826e-15,2.7519031632476826e-15,5.102196573270515e-15,6.0,results/run41_rebuttal/exp_05_alphaflow_cameo2022_short_condmarg/structures/cameo2022_short.strict_ready/7mj3_A/entropic_25_ode_heun_seed7/conf_0.pdb
cameo2022_short.strict_ready,7mj3_A,44,short protein (<=50 aa),entropic,cond_marg,25,ode_heun,7,0,1,24,0.043478260869565216,0.9960572948320954,conditional_minus_marginal,run41_condmarg_saved_structure_with_cond_marg_schedule_times,1.6963205360468798,1.6963205360468798,6.087926871667449,6.0,results/run41_rebuttal/exp_05_alphaflow_cameo2022_short_condmarg/structures/cameo2022_short.strict_ready/7mj3_A/entropic_25_ode_heun_seed7/conf_1.pdb
cameo2022_short.strict_ready,7mj3_A,44,short protein (<=50 aa),entropic,cond_marg,25,ode_heun,7,0,2,24,0.08695652173913043,0.9921145896641657,conditional_minus_marginal,run41_condmarg_saved_structure_with_cond_marg_schedule_times,1.752121816615864,0.5669202305315917,5.710440464244153,6.0,results/run41_rebuttal/exp_05_alphaflow_cameo2022_short_condmarg/structures/cameo2022_short.strict_ready/7mj3_A/entropic_25_ode_heun_seed7/conf_2.pdb
cameo2022_short.strict_ready,7mj3_A,44,short protein (<=50 aa),entropic,cond_marg,25,ode_heun,7,0,3,24,0.13043478260869565,0.988171884496236,conditional_minus_marginal,run41_condmarg_saved_structure_with_cond_marg_schedule_times,2.0989831062060316,0.5503654025495469,6.792443277294437,6.0,results/run41_rebuttal/exp_05_alphaflow_cameo2022_short_condmarg/structures/cameo2022_short.strict_ready/7mj3_A/entropic_25_ode_heun_seed7/conf_3.pdb
cameo2022_short.strict_ready,7mj3_A,44,short protein (<=50 aa),entropic,cond_marg,25,ode_heun,7,0,4,24,0.17391304347826086,0.9842291793283064,conditional_minus_marginal,run41_condmarg_saved_structure_with_cond_marg_schedule_times,2.1456140072796153,0.15097876904656843,7.022968254156848,6.0,results/run41_rebuttal/exp_05_alphaflow_cameo2022_short_condmarg/structures/cameo2022_short.strict_ready/7mj3_A/entropic_25_ode_heun_seed7/conf_4.pdb
cameo2022_short.strict_ready,7mj3_A,44,short protein (<=50 aa),entropic,cond_marg,25,ode_heun,7,0,5,24,0.21739130434782608,0.9802864741603767,conditional_minus_marginal,run41_condmarg_saved_structure_with_cond_marg_schedule_times,2.189642665216021,0.07338830485034988,7.190786440126975,6.0,results/run41_rebuttal/exp_05_alphaflow_cameo2022_short_condmarg/structures/cameo2022_short.strict_ready/7mj3_A/entropic_25_ode_heun_seed7/conf_5.pdb
cameo2022_short.strict_ready,7mj3_A,44,short protein (<=50 aa),entropic,cond_marg,25,ode_heun,7,0,6,24,0.2608695652173913,0.9763437689924471,conditional_minus_marginal,run41_condmarg_saved_structure_with_cond_marg_schedule_times,2.207818129295042,0.04236822049294624,7.2688687401636685,6.0,results/run41_rebuttal/exp_05_alphaflow_cameo2022_short_condmarg/structures/cameo2022_short.strict_ready/7mj3_A/entropic_25_ode_heun_seed7/conf_6.pdb
cameo2022_short.strict_ready,7mj3_A,44,short protein (<=50 aa),entropic,cond_marg,25,ode_heun,7,0,7,24,0.30434782608695654,0.960884738590846,conditional_minus_marginal,run41_condmarg_saved_structure_with_cond_marg_schedule_times,2.222634072004043,0.03143099540185754,7.305530841183648,6.0,results/run41_rebuttal/exp_05_alphaflow_cameo2022_short_condmarg/structures/cameo2022_short.strict_ready/7mj3_A/entropic_25_ode_heun_seed7/conf_7.pdb
cameo2022_short.strict_ready,7mj3_A,44,short protein (<=50 aa),entropic,cond_marg,25,ode_heun,7,0,8,24,0.34782608695652173,0.942052001756564,conditional_minus_marginal,run41_condmarg_saved_structure_with_cond_marg_schedule_times,2.231760921652268,0.017211492418480415,7.329840640775783,6.0,results/run41_rebuttal/exp_05_alphaflow_cameo2022_short_condmarg/structures/cameo2022_short.strict_ready/7mj3_A/entropic_25_ode_heun_seed7/conf_8.pdb
cameo2022_short.strict_ready,7mj3_A,44,short protein (<=50 aa),entropic,cond_marg,25,ode_heun,7,0,9,24,0.391304347826087,0.9258872819230904,conditional_minus_marginal,run41_condmarg_saved_structure_with_cond_marg_schedule_times,2.244838870626554,0.04268957387689568,7.362446601803463,6.0,results/run41_rebuttal/exp_05_alphaflow_cameo2022_short_condmarg/structures/cameo2022_short.strict_ready/7mj3_A/entropic_25_ode_heun_seed7/conf_9.pdb
cameo2022_short.strict_ready,7mj3_A,44,short protein (<=50 aa),entropic,cond_marg,25,ode_heun,7,0,10,24,0.43478260869565216,0.8801678940455939,conditional_minus_marginal,run41_condmarg_saved_structure_with_cond_marg_schedule_times,2.269180529747751,0.09278939023608417,7.570873598551016,6.0,results/run41_rebuttal/exp_05_alphaflow_cameo2022_short_condmarg/structures/cameo2022_short.strict_ready/7mj3_A/entropic_25_ode_heun_seed7/conf_10.pdb
cameo2022_short.strict_ready,7mj3_A,44,short protein (<=50 aa),entropic,cond_marg,25,ode_heun,7,0,11,24,0.4782608695652174,0.6139452407272133,conditional_minus_marginal,run41_condmarg_saved_structure_with_cond_marg_schedule_times,2.3485525714697846,0.12094984545874195,7.858148051862851,6.0,results/run41_rebuttal/exp_05_alphaflow_cameo2022_short_condmarg/structures/cameo2022_short.strict_ready/7mj3_A/entropic_25_ode_heun_seed7/conf_11.pdb
cameo2022_short.strict_ready,7mj3_A,44,short protein (<=50 aa),entropic,cond_marg,25,ode_heun,7,0,12,24,0.5217391304347826,0.25684679175530867,conditional_minus_marginal,run41_condmarg_saved_structure_with_cond_marg_schedule_times,2.563946102708575,0.5257410944994243,8.829421488744694,6.0,results/run41_rebuttal/exp_05_alphaflow_cameo2022_short_condmarg/structures/cameo2022_short.strict_ready/7mj3_A/entropic_25_ode_heun_seed7/conf_12.pdb
cameo2022_short.strict_ready,7mj3_A,44,short protein (<=50 aa),entropic,cond_marg,25,ode_heun,7,0,13,24,0.5652173913043478,0.13544244978854517,conditional_minus_marginal,run41_condmarg_saved_structure_with_cond_marg_schedule_times,2.771055928982422,0.42916327530013476,9.52518139411454,6.0,results/run41_rebuttal/exp_05_alphaflow_cameo2022_short_condmarg/structures/cameo2022_short.strict_ready/7mj3_A/entropic_25_ode_heun_seed7/conf_13.pdb
cameo2022_short.strict_ready,7mj3_A,44,short protein (<=50 aa),entropic,cond_marg,25,ode_heun,7,0,14,24,0.6086956521739131,0.08279245715383278,conditional_minus_marginal,run41_condmarg_saved_structure_with_cond_marg_schedule_times,2.7962014203499472,0.22989214772885216,9.452397946702536,6.0,results/run41_rebuttal/exp_05_alphaflow_cameo2022_short_condmarg/structures/cameo2022_short.strict_ready/7mj3_A/entropic_25_ode_heun_seed7/conf_14.pdb
cameo2022_short.strict_ready,7mj3_A,44,short protein (<=50 aa),entropic,cond_marg,25,ode_heun,7,0,15,24,0.6521739130434783,0.0488491210618461,conditional_minus_marginal,run41_condmarg_saved_structure_with_cond_marg_schedule_times,2.7382446279593946,0.15922859671538023,9.105418242881765,6.0,results/run41_rebuttal/exp_05_alphaflow_cameo2022_short_condmarg/structures/cameo2022_short.strict_ready/7mj3_A/entropic_25_ode_heun_seed7/conf_15.pdb
cameo2022_short.strict_ready,7mj3_A,44,short protein (<=50 aa),entropic,cond_marg,25,ode_heun,7,0,16,24,0.6956521739130435,0.027425538903687603,conditional_minus_marginal,run41_condmarg_saved_structure_with_cond_marg_schedule_times,2.7552840053433174,0.16894432777306853,9.09589452232353,6.0,results/run41_rebuttal/exp_05_alphaflow_cameo2022_short_condmarg/structures/cameo2022_short.strict_ready/7mj3_A/entropic_25_ode_heun_seed7/conf_16.pdb
cameo2022_short.strict_ready,7mj3_A,44,short protein (<=50 aa),entropic,cond_marg,25,ode_heun,7,0,17,24,0.7391304347826086,0.010667445969188451,conditional_minus_marginal,run41_condmarg_saved_structure_with_cond_marg_schedule_times,2.7744436330781195,0.19123976362758366,9.38442139205052,6.0,results/run41_rebuttal/exp_05_alphaflow_cameo2022_short_condmarg/structures/cameo2022_short.strict_ready/7mj3_A/entropic_25_ode_heun_seed7/conf_17.pdb
cameo2022_short.strict_ready,7mj3_A,44,short protein (<=50 aa),entropic,cond_marg,25,ode_heun,7,0,18,24,0.782608695652174,0.0,conditional_minus_marginal,run41_condmarg_saved_structure_with_cond_marg_schedule_times,2.7438723732242747,0.5886678333992039,9.286650855405398,6.0,results/run41_rebuttal/exp_05_alphaflow_cameo2022_short_condmarg/structures/cameo2022_short.strict_ready/7mj3_A/entropic_25_ode_heun_seed7/conf_18.pdb
cameo2022_short.strict_ready,7mj3_A,44,short protein (<=50 aa),entropic,cond_marg,25,ode_heun,7,0,19,24,0.8260869565217391,0.0,conditional_minus_marginal,run41_condmarg_saved_structure_with_cond_marg_schedule_times,2.3308015991383626,0.5472384049232906,7.475937238582604,6.0,results/run41_rebuttal/exp_05_alphaflow_cameo2022_short_condmarg/structures/cameo2022_short.strict_ready/7mj3_A/entropic_25_ode_heun_seed7/conf_19.pdb
cameo2022_short.strict_ready,7mj3_A,44,short protein (<=50 aa),entropic,cond_marg,25,ode_heun,7,0,20,24,0.8695652173913043,0.0,conditional_minus_marginal,run41_condmarg_saved_structure_with_cond_marg_schedule_times,2.218389974518523,0.2914113714543438,6.998376254152393,6.0,results/run41_rebuttal/exp_05_alphaflow_cameo2022_short_condmarg/structures/cameo2022_short.strict_ready/7mj3_A/entropic_25_ode_heun_seed7/conf_20.pdb
cameo2022_short.strict_ready,7mj3_A,44,short protein (<=50 aa),entropic,cond_marg,25,ode_heun,7,0,21,24,0.9130434782608695,0.0,conditional_minus_marginal,run41_condmarg_saved_structure_with_cond_marg_schedule_times,2.1083084019135403,0.19781029567211364,6.484966810763044,6.0,results/run41_rebuttal/exp_05_alphaflow_cameo2022_short_condmarg/structures/cameo2022_short.strict_ready/7mj3_A/entropic_25_ode_heun_seed7/conf_21.pdb
cameo2022_short.strict_ready,7mj3_A,44,short protein (<=50 aa),entropic,cond_marg,25,ode_heun,7,0,22,24,0.9565217391304348,0.0,conditional_minus_marginal,run41_condmarg_saved_structure_with_cond_marg_schedule_times,2.076102857237134,0.08145456285252041,6.324764634511917,6.0,results/run41_rebuttal/exp_05_alphaflow_cameo2022_short_condmarg/structures/cameo2022_short.strict_ready/7mj3_A/entropic_25_ode_heun_seed7/conf_22.pdb
cameo2022_short.strict_ready,7mj3_A,44,short protein (<=50 aa),entropic,cond_marg,25,ode_heun,7,0,23,24,1.0,0.0,conditional_minus_marginal,run41_condmarg_saved_structure_with_cond_marg_schedule_times,2.0571229081501494,0.046793359885195576,6.2242976718691265,6.0,results/run41_rebuttal/exp_05_alphaflow_cameo2022_short_condmarg/structures/cameo2022_short.strict_ready/7mj3_A/entropic_25_ode_heun_seed7/conf_23.pdb
