mode,scheduler,n_steps,scheduler_label,metric,metric_label,direction,mean,ci95,n
ode_heun,linear,5,Linear,fid_inception,Inception FID,lower,200.51645785742542,2.90878163341562,5
ode_heun,linear,5,Linear,fid_pixel,Pixel FID,lower,0.25644716024398795,0.032553240610360586,5
ode_heun,linear,5,Linear,fid,FID,lower,200.51645785742542,2.90878163341562,5
ode_heun,linear,5,Linear,infer_seconds,Seconds,lower,0.7313193842768669,0.020183034583275066,5
ode_heun,entropic,5,Entropic,fid_inception,Inception FID,lower,322.57768846423073,4.7978047362631955,5
ode_heun,entropic,5,Entropic,fid_pixel,Pixel FID,lower,0.18302852809429165,0.018641170136219014,5
ode_heun,entropic,5,Entropic,fid,FID,lower,322.57768846423073,4.7978047362631955,5
ode_heun,entropic,5,Entropic,infer_seconds,Seconds,lower,0.25028400886803864,0.0005667769434330626,5
ode_heun,entropic_log1p,5,Entropic-log1p,fid_inception,Inception FID,lower,186.2587390534575,3.9730651797606167,5
ode_heun,entropic_log1p,5,Entropic-log1p,fid_pixel,Pixel FID,lower,0.0821752861142158,0.01736703153336829,5
ode_heun,entropic_log1p,5,Entropic-log1p,fid,FID,lower,186.2587390534575,3.9730651797606167,5
ode_heun,entropic_log1p,5,Entropic-log1p,infer_seconds,Seconds,lower,0.2500794906169176,0.0002687294345386349,5
ode_heun,cosine,5,Cosine,fid_inception,Inception FID,lower,238.0319955827318,5.293147602201997,5
ode_heun,cosine,5,Cosine,fid_pixel,Pixel FID,lower,0.4204652488231659,0.03349093503408662,5
ode_heun,cosine,5,Cosine,fid,FID,lower,238.0319955827318,5.293147602201997,5
ode_heun,cosine,5,Cosine,infer_seconds,Seconds,lower,0.2504878275096416,0.001740828876898824,5
ode_heun,sigmoid,5,Sigmoid,fid_inception,Inception FID,lower,355.0631614248795,2.197852117838632,5
ode_heun,sigmoid,5,Sigmoid,fid_pixel,Pixel FID,lower,2.722619724273682,0.34131314600436835,5
ode_heun,sigmoid,5,Sigmoid,fid,FID,lower,355.0631614248795,2.197852117838632,5
ode_heun,sigmoid,5,Sigmoid,infer_seconds,Seconds,lower,0.25071172192692753,0.0009305760067978178,5
ode_heun,power_2,5,Power-2,fid_inception,Inception FID,lower,316.53925812413405,2.684511520286137,5
ode_heun,power_2,5,Power-2,fid_pixel,Pixel FID,lower,16.32612762451172,2.484009591368822,5
ode_heun,power_2,5,Power-2,fid,FID,lower,316.53925812413405,2.684511520286137,5
ode_heun,power_2,5,Power-2,infer_seconds,Seconds,lower,0.24999742861837143,0.0005268520899224487,5
ode_heun,linear,10,Linear,fid_inception,Inception FID,lower,172.77509673422745,2.8348013617019223,5
ode_heun,linear,10,Linear,fid_pixel,Pixel FID,lower,0.017544019781053022,0.007540048328512007,5
ode_heun,linear,10,Linear,fid,FID,lower,172.77509673422745,2.8348013617019223,5
ode_heun,linear,10,Linear,infer_seconds,Seconds,lower,0.800842217169702,0.22076932069571453,5
ode_heun,entropic,10,Entropic,fid_inception,Inception FID,lower,290.1091443911672,4.9446502655291695,5
ode_heun,entropic,10,Entropic,fid_pixel,Pixel FID,lower,0.07934942394495006,0.014763888865745497,5
ode_heun,entropic,10,Entropic,fid,FID,lower,290.1091443911672,4.9446502655291695,5
ode_heun,entropic,10,Entropic,infer_seconds,Seconds,lower,0.5257211675867438,0.0014350093923851152,5
ode_heun,entropic_log1p,10,Entropic-log1p,fid_inception,Inception FID,lower,172.10174805189746,3.741517785924102,5
ode_heun,entropic_log1p,10,Entropic-log1p,fid_pixel,Pixel FID,lower,0.00675426870584482,0.004292907787811474,5
ode_heun,entropic_log1p,10,Entropic-log1p,fid,FID,lower,172.10174805189746,3.741517785924102,5
ode_heun,entropic_log1p,10,Entropic-log1p,infer_seconds,Seconds,lower,0.5264021517708898,0.0024607622753225773,5
ode_heun,cosine,10,Cosine,fid_inception,Inception FID,lower,176.5807028364508,2.4877692118953783,5
ode_heun,cosine,10,Cosine,fid_pixel,Pixel FID,lower,0.0256744977086782,0.008436824914612218,5
ode_heun,cosine,10,Cosine,fid,FID,lower,176.5807028364508,2.4877692118953783,5
ode_heun,cosine,10,Cosine,infer_seconds,Seconds,lower,0.5268977286294103,0.0015761631518598958,5
ode_heun,sigmoid,10,Sigmoid,fid_inception,Inception FID,lower,212.1480044699835,8.03231808138243,5
ode_heun,sigmoid,10,Sigmoid,fid_pixel,Pixel FID,lower,0.19063930213451383,0.034547305122155966,5
ode_heun,sigmoid,10,Sigmoid,fid,FID,lower,212.1480044699835,8.03231808138243,5
ode_heun,sigmoid,10,Sigmoid,infer_seconds,Seconds,lower,0.5268077371641994,0.0016795049729067355,5
ode_heun,power_2,10,Power-2,fid_inception,Inception FID,lower,189.13028701432353,3.513598406196231,5
ode_heun,power_2,10,Power-2,fid_pixel,Pixel FID,lower,0.1737018913030624,0.025842077928263683,5
ode_heun,power_2,10,Power-2,fid,FID,lower,189.13028701432353,3.513598406196231,5
ode_heun,power_2,10,Power-2,infer_seconds,Seconds,lower,0.5259016551077366,0.0016219138154175486,5
ode_heun,linear,25,Linear,fid_inception,Inception FID,lower,170.84689350830376,3.5008225514566758,5
ode_heun,linear,25,Linear,fid_pixel,Pixel FID,lower,0.00217465182649898,0.0015635605924502385,5
ode_heun,linear,25,Linear,fid,FID,lower,170.84689350830376,3.5008225514566758,5
ode_heun,linear,25,Linear,infer_seconds,Seconds,lower,1.3554923282936215,0.006885174447603657,5
ode_heun,entropic,25,Entropic,fid_inception,Inception FID,lower,227.96129577002606,1.4321132317650547,5
ode_heun,entropic,25,Entropic,fid_pixel,Pixel FID,lower,0.016676840744912578,0.005920189274919731,5
ode_heun,entropic,25,Entropic,fid,FID,lower,227.96129577002606,1.4321132317650547,5
ode_heun,entropic,25,Entropic,infer_seconds,Seconds,lower,1.35704374499619,0.007526037632860045,5
ode_heun,entropic_log1p,25,Entropic-log1p,fid_inception,Inception FID,lower,170.78060827768158,3.4209663624504563,5
ode_heun,entropic_log1p,25,Entropic-log1p,fid_pixel,Pixel FID,lower,0.00198803636012592,0.0011955347738272545,5
ode_heun,entropic_log1p,25,Entropic-log1p,fid,FID,lower,170.78060827768158,3.4209663624504563,5
ode_heun,entropic_log1p,25,Entropic-log1p,infer_seconds,Seconds,lower,1.3574870849028229,0.004046178602163405,5
ode_heun,cosine,25,Cosine,fid_inception,Inception FID,lower,170.80074251579993,3.3598597707942206,5
ode_heun,cosine,25,Cosine,fid_pixel,Pixel FID,lower,0.0024539296951843,0.0018928133602526859,5
ode_heun,cosine,25,Cosine,fid,FID,lower,170.80074251579993,3.3598597707942206,5
ode_heun,cosine,25,Cosine,infer_seconds,Seconds,lower,1.3558620043098926,0.007889265786319563,5
ode_heun,sigmoid,25,Sigmoid,fid_inception,Inception FID,lower,172.67661959551566,2.3876000086757765,5
ode_heun,sigmoid,25,Sigmoid,fid_pixel,Pixel FID,lower,0.0057597706560045,0.0037809974632426425,5
ode_heun,sigmoid,25,Sigmoid,fid,FID,lower,172.67661959551566,2.3876000086757765,5
ode_heun,sigmoid,25,Sigmoid,infer_seconds,Seconds,lower,1.3555048080161214,0.006920256386605966,5
ode_heun,power_2,25,Power-2,fid_inception,Inception FID,lower,171.28022809649212,4.063541211505057,5
ode_heun,power_2,25,Power-2,fid_pixel,Pixel FID,lower,0.00594449802301818,0.004013962599026988,5
ode_heun,power_2,25,Power-2,fid,FID,lower,171.28022809649212,4.063541211505057,5
ode_heun,power_2,25,Power-2,infer_seconds,Seconds,lower,1.3577307663857936,0.005228651524024696,5
sde_heun,linear,5,Linear,fid_inception,Inception FID,lower,382.6981679976958,3.2935510301603137,5
sde_heun,linear,5,Linear,fid_pixel,Pixel FID,lower,1.3738829612731933,0.03550995115563558,5
sde_heun,linear,5,Linear,fid,FID,lower,382.6981679976958,3.2935510301603137,5
sde_heun,linear,5,Linear,infer_seconds,Seconds,lower,0.7320413662120699,0.023072068641481654,5
sde_heun,entropic,5,Entropic,fid_inception,Inception FID,lower,492.7745456604802,3.61373014923624,5
sde_heun,entropic,5,Entropic,fid_pixel,Pixel FID,lower,5.682853889465332,0.032714831719277075,5
sde_heun,entropic,5,Entropic,fid,FID,lower,492.7745456604802,3.61373014923624,5
sde_heun,entropic,5,Entropic,infer_seconds,Seconds,lower,0.25889857560396196,0.0009432571499475527,5
sde_heun,entropic_log1p,5,Entropic-log1p,fid_inception,Inception FID,lower,387.651320012883,4.253211182307376,5
sde_heun,entropic_log1p,5,Entropic-log1p,fid_pixel,Pixel FID,lower,0.7576292037963868,0.026063343609221596,5
sde_heun,entropic_log1p,5,Entropic-log1p,fid,FID,lower,387.651320012883,4.253211182307376,5
sde_heun,entropic_log1p,5,Entropic-log1p,infer_seconds,Seconds,lower,0.25907026119530197,0.0016579658786265742,5
sde_heun,cosine,5,Cosine,fid_inception,Inception FID,lower,416.33627508176943,2.0031046418932923,5
sde_heun,cosine,5,Cosine,fid_pixel,Pixel FID,lower,3.4893929958343506,0.03917052998924481,5
sde_heun,cosine,5,Cosine,fid,FID,lower,416.33627508176943,2.0031046418932923,5
sde_heun,cosine,5,Cosine,infer_seconds,Seconds,lower,0.25867588501423594,0.0012002313159308038,5
sde_heun,sigmoid,5,Sigmoid,fid_inception,Inception FID,lower,434.75939265448574,4.332708579527993,5
sde_heun,sigmoid,5,Sigmoid,fid_pixel,Pixel FID,lower,10.795283317565918,0.8781023093296864,5
sde_heun,sigmoid,5,Sigmoid,fid,FID,lower,434.75939265448574,4.332708579527993,5
sde_heun,sigmoid,5,Sigmoid,infer_seconds,Seconds,lower,0.25845559816807506,0.0011124496568904404,5
sde_heun,power_2,5,Power-2,fid_inception,Inception FID,lower,412.77912637417404,3.3666725119001684,5
sde_heun,power_2,5,Power-2,fid_pixel,Pixel FID,lower,18.441119766235353,1.1374827399413905,5
sde_heun,power_2,5,Power-2,fid,FID,lower,412.77912637417404,3.3666725119001684,5
sde_heun,power_2,5,Power-2,infer_seconds,Seconds,lower,0.258414014801383,0.0009741397975001699,5
sde_heun,linear,10,Linear,fid_inception,Inception FID,lower,356.0620033144701,6.238219618358392,5
sde_heun,linear,10,Linear,fid_pixel,Pixel FID,lower,0.29192141890525813,0.016635370629814444,5
sde_heun,linear,10,Linear,fid,FID,lower,356.0620033144701,6.238219618358392,5
sde_heun,linear,10,Linear,infer_seconds,Seconds,lower,0.8327195044606923,0.23009891962393036,5
sde_heun,entropic,10,Entropic,fid_inception,Inception FID,lower,489.62071358829064,3.2676140574623056,5
sde_heun,entropic,10,Entropic,fid_pixel,Pixel FID,lower,2.191888952255249,0.022409223826625718,5
sde_heun,entropic,10,Entropic,fid,FID,lower,489.62071358829064,3.2676140574623056,5
sde_heun,entropic,10,Entropic,infer_seconds,Seconds,lower,0.544506198912859,0.0020693644286865565,5
sde_heun,entropic_log1p,10,Entropic-log1p,fid_inception,Inception FID,lower,354.7749523901128,5.297015464800205,5
sde_heun,entropic_log1p,10,Entropic-log1p,fid_pixel,Pixel FID,lower,0.22780482172966,0.014056093177244653,5
sde_heun,entropic_log1p,10,Entropic-log1p,fid,FID,lower,354.7749523901128,5.297015464800205,5
sde_heun,entropic_log1p,10,Entropic-log1p,infer_seconds,Seconds,lower,0.544356539286673,0.0028242637498609455,5
sde_heun,cosine,10,Cosine,fid_inception,Inception FID,lower,376.5495743159749,6.099999445556183,5
sde_heun,cosine,10,Cosine,fid_pixel,Pixel FID,lower,0.47514205574989316,0.023774983600540346,5
sde_heun,cosine,10,Cosine,fid,FID,lower,376.5495743159749,6.099999445556183,5
sde_heun,cosine,10,Cosine,infer_seconds,Seconds,lower,0.5450793031603098,0.0038293778741923593,5
sde_heun,sigmoid,10,Sigmoid,fid_inception,Inception FID,lower,420.9181454617949,2.587882199142355,5
sde_heun,sigmoid,10,Sigmoid,fid_pixel,Pixel FID,lower,1.8339311599731445,0.06968869383218966,5
sde_heun,sigmoid,10,Sigmoid,fid,FID,lower,420.9181454617949,2.587882199142355,5
sde_heun,sigmoid,10,Sigmoid,infer_seconds,Seconds,lower,0.5446457901969552,0.0022287866421394882,5
sde_heun,power_2,10,Power-2,fid_inception,Inception FID,lower,357.64359591205204,4.990949148009235,5
sde_heun,power_2,10,Power-2,fid_pixel,Pixel FID,lower,0.9004971504211425,0.026104121263625372,5
sde_heun,power_2,10,Power-2,fid,FID,lower,357.64359591205204,4.990949148009235,5
sde_heun,power_2,10,Power-2,infer_seconds,Seconds,lower,0.5449921872466803,0.0029954981166991665,5
sde_heun,linear,25,Linear,fid_inception,Inception FID,lower,337.27808506527936,8.124907360784759,5
sde_heun,linear,25,Linear,fid_pixel,Pixel FID,lower,0.11787613481283184,0.010959488290712693,5
sde_heun,linear,25,Linear,fid,FID,lower,337.27808506527936,8.124907360784759,5
sde_heun,linear,25,Linear,infer_seconds,Seconds,lower,1.4029586542397738,0.006115678099029083,5
sde_heun,entropic,25,Entropic,fid_inception,Inception FID,lower,439.05776240028274,4.157432206511227,5
sde_heun,entropic,25,Entropic,fid_pixel,Pixel FID,lower,0.5614290118217469,0.014905975510689165,5
sde_heun,entropic,25,Entropic,fid,FID,lower,439.05776240028274,4.157432206511227,5
sde_heun,entropic,25,Entropic,infer_seconds,Seconds,lower,1.4011140299960971,0.00560950368648016,5
sde_heun,entropic_log1p,25,Entropic-log1p,fid_inception,Inception FID,lower,337.30199306158937,7.329832628214379,5
sde_heun,entropic_log1p,25,Entropic-log1p,fid_pixel,Pixel FID,lower,0.1090292155742645,0.010255959441173744,5
sde_heun,entropic_log1p,25,Entropic-log1p,fid,FID,lower,337.30199306158937,7.329832628214379,5
sde_heun,entropic_log1p,25,Entropic-log1p,infer_seconds,Seconds,lower,1.4025579649955036,0.007420528709535823,5
sde_heun,cosine,25,Cosine,fid_inception,Inception FID,lower,347.7011062293985,7.3057008527002765,5
sde_heun,cosine,25,Cosine,fid_pixel,Pixel FID,lower,0.14172522723674771,0.010585886913159289,5
sde_heun,cosine,25,Cosine,fid,FID,lower,347.7011062293985,7.3057008527002765,5
sde_heun,cosine,25,Cosine,infer_seconds,Seconds,lower,1.4027468902990223,0.009655940999548935,5
sde_heun,sigmoid,25,Sigmoid,fid_inception,Inception FID,lower,375.3004177580983,4.958675432837976,5
sde_heun,sigmoid,25,Sigmoid,fid_pixel,Pixel FID,lower,0.2621179789304733,0.011630165507823668,5
sde_heun,sigmoid,25,Sigmoid,fid,FID,lower,375.3004177580983,4.958675432837976,5
sde_heun,sigmoid,25,Sigmoid,infer_seconds,Seconds,lower,1.4042410057038068,0.008320679116445129,5
sde_heun,power_2,25,Power-2,fid_inception,Inception FID,lower,342.92305817591875,9.231256513374525,5
sde_heun,power_2,25,Power-2,fid_pixel,Pixel FID,lower,0.17483308315277096,0.012422445032465054,5
sde_heun,power_2,25,Power-2,fid,FID,lower,342.92305817591875,9.231256513374525,5
sde_heun,power_2,25,Power-2,infer_seconds,Seconds,lower,1.4030735129490495,0.004788364341013935,5
