id,model,scheduler,n_steps,mode,seed,domain,n_samples,infer_seconds,fid,fid_backend,fid_pixel,fid_inception,fid_inception_error,sample_mean,sample_std,scheduler_base,entropy_variant,entropy_mode,entropy_rate_source,entropy_seconds,sampling_seconds,sigma_lt_1_count,sigma_lt_0p1_count,sigma_max_jump,sigma_last_jump,rank_seed,experiment_path,dataset,dataset_path,batch_index,sample_name,seq_len,protein_size_bin,schedule_group,requested_entropy_mode,sample_index,infer_seconds_per_output,rmsd_mean,rmsd_std,diversity,plddt_mean,plddt_std,invalid_structures,n_outputs,entropy_curve_mode,tm_score,n_preds_tm,run_id
edm_linear_5_ode_heun_7,edm,linear,5,ode_heun,7,image,64.0,0.6924887355417013,196.5010412065976,clean-fid+pixel,0.2619433999061584,196.5010412065976,,-0.071455530822277,0.7937844395637512,linear,,,,0.0,0.6924887355417013,3.0,2.0,70.39100452814854,-0.0146510641480374,7.0,exp_02a_edm_ode_sweep,,,,,,,,,,,,,,,,,,,,,run40_rebuttal
edm_linear_10_ode_heun_314,edm,linear,10,ode_heun,314,image,64.0,0.525953290052712,171.05041234904488,clean-fid+pixel,0.009869972243905,171.05041234904488,,-0.0432840548455715,0.5552540421485901,linear,,,,0.0,0.525953290052712,6.0,4.0,52.27420627379414,-0.0037707996236288,7.0,exp_02a_edm_ode_sweep,,,,,,,,,,,,,,,,,,,,,run40_rebuttal
edm_cosine_5_ode_heun_42,edm,cosine,5,ode_heun,42,image,64.0,0.2498162351548671,233.74121684216044,clean-fid+pixel,0.4722590744495392,233.74121684216044,,-0.0210864152759313,0.897920548915863,cosine,,,,0.0,0.2498162351548671,3.0,3.0,50.468436843202014,-0.0038504790137986,7.0,exp_02a_edm_ode_sweep,,,,,,,,,,,,,,,,,,,,,run40_rebuttal
edm_cosine_10_ode_heun_2718,edm,cosine,10,ode_heun,2718,image,64.0,0.5260362420231104,174.1441688818864,clean-fid+pixel,0.0403148680925369,174.1441688818864,,-0.0770568028092384,0.6128672361373901,cosine,,,,0.0,0.5260362420231104,6.0,5.0,32.44370680376795,-0.0006881957717571,7.0,exp_02a_edm_ode_sweep,,,,,,,,,,,,,,,,,,,,,run40_rebuttal
edm_sigmoid_5_ode_heun_123,edm,sigmoid,5,ode_heun,123,image,64.0,0.2501418320462107,352.3840055345581,clean-fid+pixel,2.360808849334717,352.3840055345581,,-0.0725938156247139,1.3883626461029053,sigmoid,,,,0.0,0.2501418320462107,3.0,3.0,54.893352488844336,-0.0005858513432661,7.0,exp_02a_edm_ode_sweep,,,,,,,,,,,,,,,,,,,,,run40_rebuttal
edm_sigmoid_25_ode_heun_7,edm,sigmoid,25,ode_heun,7,image,64.0,1.3688720241189003,171.5296764431804,clean-fid+pixel,0.0047974158078432,171.5296764431804,,-0.0444197319447994,0.534233808517456,sigmoid,,,,0.0,1.3688720241189003,14.0,12.0,13.099075500722076,-3.2577603226483735e-05,7.0,exp_02a_edm_ode_sweep,,,,,,,,,,,,,,,,,,,,,run40_rebuttal
edm_entropic_5_ode_heun_314,edm,entropic,5,ode_heun,314,image,64.0,0.24976372346282,321.4473463755031,clean-fid+pixel,0.213878720998764,321.4473463755031,,-0.0447710901498794,0.2383603155612945,entropic,control,empirical_hutchinson,,0.0,0.24976372346282,1.0,1.0,19.328250283710062,-13.813612056596028,7.0,exp_02a_edm_ode_sweep,,,,,,,,,,,,,,,,,,,,,run40_rebuttal
edm_entropic_25_ode_heun_42,edm,entropic,25,ode_heun,42,image,64.0,1.3560199784114957,229.4868474125884,clean-fid+pixel,0.0125559531152248,229.4868474125884,,-0.0288331788033247,0.4412694275379181,entropic,control,empirical_hutchinson,,0.0,1.3560199784114957,1.0,1.0,4.304633940989135,-2.64250450335594,7.0,exp_02a_edm_ode_sweep,,,,,,,,,,,,,,,,,,,,,run40_rebuttal
edm_entropic_log1p_5_ode_heun_2718,edm,entropic_log1p,5,ode_heun,2718,image,64.0,0.249762250110507,188.04880549539044,clean-fid+pixel,0.1110934987664222,188.04880549539044,,-0.0847978517413139,0.6904588341712952,entropic,log1p,empirical_hutchinson,,0.0,0.249762250110507,3.0,2.0,61.41485988519842,-0.0494563314563352,7.0,exp_02a_edm_ode_sweep,,,,,,,,,,,,,,,,,,,,,run40_rebuttal
edm_entropic_log1p_25_ode_heun_123,edm,entropic_log1p,25,ode_heun,123,image,64.0,1.3558297408744693,169.37307014387704,clean-fid+pixel,0.0005278487806208,169.37307014387704,,-0.048340480774641,0.4912862181663513,entropic,log1p,empirical_hutchinson,,0.0,1.3558297408744693,12.0,7.0,19.735441185228822,-0.0015683303529238,7.0,exp_02a_edm_ode_sweep,,,,,,,,,,,,,,,,,,,,,run40_rebuttal
edm_power_2_10_ode_heun_7,edm,power_2,10,ode_heun,7,image,64.0,0.5285726888105273,185.6855596329578,clean-fid+pixel,0.1806415766477584,185.6855596329578,,-0.067753292620182,0.7435250878334045,power_2,,,,0.0,0.5285726888105273,8.0,7.0,69.31686814509338,-0.0002235689227249,7.0,exp_02a_edm_ode_sweep,,,,,,,,,,,,,,,,,,,,,run40_rebuttal
edm_power_2_25_ode_heun_314,edm,power_2,25,ode_heun,314,image,64.0,1.355545187368989,170.05013996008267,clean-fid+pixel,0.0026456452906131,170.05013996008267,,-0.041355937719345,0.5222002267837524,power_2,,,,0.0,1.355545187368989,20.0,16.0,45.14312221782816,-3.4198321630158745e-05,7.0,exp_02a_edm_ode_sweep,,,,,,,,,,,,,,,,,,,,,run40_rebuttal
edm_linear_5_ode_heun_42,edm,linear,5,ode_heun,42,image,64.0,0.7408505110070109,200.7721617661553,clean-fid+pixel,0.2634693086147308,200.7721617661553,,-0.0392330139875412,0.7978469729423523,linear,,,,0.0,0.7408505110070109,3.0,2.0,70.39100452814854,-0.0146510641480374,7.0,exp_02a_edm_ode_sweep,,,,,,,,,,,,,,,,,,,,,run40_rebuttal
edm_linear_10_ode_heun_2718,edm,linear,10,ode_heun,2718,image,64.0,0.5270976824685931,173.55179286959657,clean-fid+pixel,0.0307026300579309,173.55179286959657,,-0.075492225587368,0.5986337661743164,linear,,,,0.0,0.5270976824685931,6.0,4.0,52.27420627379414,-0.0037707996236288,7.0,exp_02a_edm_ode_sweep,,,,,,,,,,,,,,,,,,,,,run40_rebuttal
edm_cosine_5_ode_heun_123,edm,cosine,5,ode_heun,123,image,64.0,0.2501465873792767,237.8152620062968,clean-fid+pixel,0.4006627202033996,237.8152620062968,,-0.041708767414093,0.867680013179779,cosine,,,,0.0,0.2501465873792767,3.0,3.0,50.468436843202014,-0.0038504790137986,7.0,exp_02a_edm_ode_sweep,,,,,,,,,,,,,,,,,,,,,run40_rebuttal
edm_cosine_25_ode_heun_7,edm,cosine,25,ode_heun,7,image,64.0,1.3713179621845484,166.48415403049958,clean-fid+pixel,0.0018288290593773,166.48415403049958,,-0.0429687984287738,0.5120121836662292,cosine,,,,0.0,1.3713179621845484,14.0,11.0,13.503511527100189,-0.0001184551871679,7.0,exp_02a_edm_ode_sweep,,,,,,,,,,,,,,,,,,,,,run40_rebuttal
edm_sigmoid_5_ode_heun_314,edm,sigmoid,5,ode_heun,314,image,64.0,0.2507309606298804,354.33877418016345,clean-fid+pixel,2.70013165473938,354.33877418016345,,-0.0582797974348068,1.4504244327545166,sigmoid,,,,0.0,0.2507309606298804,3.0,3.0,54.893352488844336,-0.0005858513432661,7.0,exp_02a_edm_ode_sweep,,,,,,,,,,,,,,,,,,,,,run40_rebuttal
edm_sigmoid_25_ode_heun_42,edm,sigmoid,25,ode_heun,42,image,64.0,1.3553940253332255,177.4682010552912,clean-fid+pixel,0.0072940150275826,177.4682010552912,,-0.0301377922296524,0.5475879907608032,sigmoid,,,,0.0,1.3553940253332255,14.0,12.0,13.099075500722076,-3.2577603226483735e-05,7.0,exp_02a_edm_ode_sweep,,,,,,,,,,,,,,,,,,,,,run40_rebuttal
edm_entropic_5_ode_heun_2718,edm,entropic,5,ode_heun,2718,image,64.0,0.250459355302155,322.4634331554236,clean-fid+pixel,0.156227096915245,322.4634331554236,,-0.070081852376461,0.2778429388999939,entropic,control,empirical_hutchinson,,0.0,0.250459355302155,1.0,1.0,19.328250283710062,-13.813612056596028,7.0,exp_02a_edm_ode_sweep,,,,,,,,,,,,,,,,,,,,,run40_rebuttal
edm_entropic_25_ode_heun_123,edm,entropic,25,ode_heun,123,image,64.0,1.3561581810936332,227.98098943466752,clean-fid+pixel,0.0219496637582778,227.98098943466752,,-0.0483902357518672,0.4177323281764984,entropic,control,empirical_hutchinson,,0.0,1.3561581810936332,1.0,1.0,4.304633940989135,-2.64250450335594,7.0,exp_02a_edm_ode_sweep,,,,,,,,,,,,,,,,,,,,,run40_rebuttal
edm_entropic_log1p_10_ode_heun_7,edm,entropic_log1p,10,ode_heun,7,image,64.0,0.5311287445947528,167.83806303639017,clean-fid+pixel,0.0057857083156704,167.83806303639017,,-0.0434461236000061,0.5390718579292297,entropic,log1p,empirical_hutchinson,,0.0,0.5311287445947528,5.0,3.0,40.84847011004621,-0.009205488877502,7.0,exp_02a_edm_ode_sweep,,,,,,,,,,,,,,,,,,,,,run40_rebuttal
edm_entropic_log1p_25_ode_heun_314,edm,entropic_log1p,25,ode_heun,314,image,64.0,1.3558041164651513,170.21599043068176,clean-fid+pixel,0.0019312914228066,170.21599043068176,,-0.0405519418418407,0.4912373423576355,entropic,log1p,empirical_hutchinson,,0.0,1.3558041164651513,12.0,7.0,19.735441185228822,-0.0015683303529238,7.0,exp_02a_edm_ode_sweep,,,,,,,,,,,,,,,,,,,,,run40_rebuttal
edm_power_2_10_ode_heun_42,edm,power_2,10,ode_heun,42,image,64.0,0.5267097167670727,193.70435065740887,clean-fid+pixel,0.1794308573007583,193.70435065740887,,-0.0365022420883178,0.745798647403717,power_2,,,,0.0,0.5267097167670727,8.0,7.0,69.31686814509338,-0.0002235689227249,7.0,exp_02a_edm_ode_sweep,,,,,,,,,,,,,,,,,,,,,run40_rebuttal
edm_power_2_25_ode_heun_2718,edm,power_2,25,ode_heun,2718,image,64.0,1.3561858022585511,169.66681515664334,clean-fid+pixel,0.0130687225610017,169.66681515664334,,-0.0725936889648437,0.5619713068008423,power_2,,,,0.0,1.3561858022585511,20.0,16.0,45.14312221782816,-3.4198321630158745e-05,7.0,exp_02a_edm_ode_sweep,,,,,,,,,,,,,,,,,,,,,run40_rebuttal
edm_linear_5_ode_heun_123,edm,linear,5,ode_heun,123,image,64.0,0.7327326713129878,197.94712480768897,clean-fid+pixel,0.2304591089487075,197.94712480768897,,-0.0733603164553642,0.7775973081588745,linear,,,,0.0,0.7327326713129878,3.0,2.0,70.39100452814854,-0.0146510641480374,7.0,exp_02a_edm_ode_sweep,,,,,,,,,,,,,,,,,,,,,run40_rebuttal
edm_linear_25_ode_heun_7,edm,linear,25,ode_heun,7,image,64.0,1.3689005337655544,166.8971062123016,clean-fid+pixel,0.0016196527285501,166.8971062123016,,-0.0426212958991527,0.5076348781585693,linear,,,,0.0,1.3689005337655544,15.0,10.0,27.63904157764376,-0.0010557118284467,7.0,exp_02a_edm_ode_sweep,,,,,,,,,,,,,,,,,,,,,run40_rebuttal
edm_cosine_5_ode_heun_314,edm,cosine,5,ode_heun,314,image,64.0,0.2496999287977814,246.71536153393907,clean-fid+pixel,0.3932205438613891,246.71536153393907,,-0.0259208511561155,0.8634987473487854,cosine,,,,0.0,0.2496999287977814,3.0,3.0,50.468436843202014,-0.0038504790137986,7.0,exp_02a_edm_ode_sweep,,,,,,,,,,,,,,,,,,,,,run40_rebuttal
edm_cosine_25_ode_heun_42,edm,cosine,25,ode_heun,42,image,64.0,1.35271134134382,176.9237768469388,clean-fid+pixel,0.0027452749200165,176.9237768469388,,-0.0288910865783691,0.524721622467041,cosine,,,,0.0,1.35271134134382,14.0,11.0,13.503511527100189,-0.0001184551871679,7.0,exp_02a_edm_ode_sweep,,,,,,,,,,,,,,,,,,,,,run40_rebuttal
edm_sigmoid_5_ode_heun_2718,edm,sigmoid,5,ode_heun,2718,image,64.0,0.2497110553085804,357.784439974861,clean-fid+pixel,3.382446765899658,357.784439974861,,-0.1158786416053772,1.561305284500122,sigmoid,,,,0.0,0.2497110553085804,3.0,3.0,54.893352488844336,-0.0005858513432661,7.0,exp_02a_edm_ode_sweep,,,,,,,,,,,,,,,,,,,,,run40_rebuttal
edm_sigmoid_25_ode_heun_123,edm,sigmoid,25,ode_heun,123,image,64.0,1.3531601568683982,171.2549261584361,clean-fid+pixel,0.0014742605853825,171.2549261584361,,-0.0493701212108135,0.5229166150093079,sigmoid,,,,0.0,1.3531601568683982,14.0,12.0,13.099075500722076,-3.2577603226483735e-05,7.0,exp_02a_edm_ode_sweep,,,,,,,,,,,,,,,,,,,,,run40_rebuttal
edm_entropic_10_ode_heun_7,edm,entropic,10,ode_heun,7,image,64.0,0.5281726280227304,292.2830682637898,clean-fid+pixel,0.0731078162789344,292.2830682637898,,-0.0431781895458698,0.3474364578723907,entropic,control,empirical_hutchinson,,0.0,0.5281726280227304,1.0,1.0,10.33121231638252,-6.866268970234385,7.0,exp_02a_edm_ode_sweep,,,,,,,,,,,,,,,,,,,,,run40_rebuttal
edm_entropic_25_ode_heun_314,edm,entropic,25,ode_heun,314,image,64.0,1.353363798931241,229.67968365161244,clean-fid+pixel,0.0245980732142925,229.67968365161244,,-0.041588082909584,0.4167139530181885,entropic,control,empirical_hutchinson,,0.0,1.353363798931241,1.0,1.0,4.304633940989135,-2.64250450335594,7.0,exp_02a_edm_ode_sweep,,,,,,,,,,,,,,,,,,,,,run40_rebuttal
edm_entropic_log1p_10_ode_heun_42,edm,entropic_log1p,10,ode_heun,42,image,64.0,0.5257176840677857,179.22142129689436,clean-fid+pixel,0.00836191046983,179.22142129689436,,-0.0294358134269714,0.5510570406913757,entropic,log1p,empirical_hutchinson,,0.0,0.5257176840677857,5.0,3.0,40.84847011004621,-0.009205488877502,7.0,exp_02a_edm_ode_sweep,,,,,,,,,,,,,,,,,,,,,run40_rebuttal
edm_entropic_log1p_25_ode_heun_2718,edm,entropic_log1p,25,ode_heun,2718,image,64.0,1.353228123858571,171.0326630542549,clean-fid+pixel,0.0042264177463948,171.0326630542549,,-0.0709042027592659,0.5282039642333984,entropic,log1p,empirical_hutchinson,,0.0,1.353228123858571,12.0,7.0,19.735441185228822,-0.0015683303529238,7.0,exp_02a_edm_ode_sweep,,,,,,,,,,,,,,,,,,,,,run40_rebuttal
edm_power_2_10_ode_heun_123,edm,power_2,10,ode_heun,123,image,64.0,0.5255317194387317,184.89372511159075,clean-fid+pixel,0.1538252681493759,184.89372511159075,,-0.0680683031678199,0.7271338105201721,power_2,,,,0.0,0.5255317194387317,8.0,7.0,69.31686814509338,-0.0002235689227249,7.0,exp_02a_edm_ode_sweep,,,,,,,,,,,,,,,,,,,,,run40_rebuttal
edm_linear_5_ode_heun_314,edm,linear,5,ode_heun,314,image,64.0,0.7533642388880253,202.89657920857323,clean-fid+pixel,0.2148527652025222,202.89657920857323,,-0.061811938881874,0.7688857913017273,linear,,,,0.0,0.7533642388880253,3.0,2.0,70.39100452814854,-0.0146510641480374,7.0,exp_02a_edm_ode_sweep,,,,,,,,,,,,,,,,,,,,,run40_rebuttal
edm_linear_25_ode_heun_42,edm,linear,25,ode_heun,42,image,64.0,1.3490009754896164,177.57117026791352,clean-fid+pixel,0.0022077208850532,177.57117026791352,,-0.028429677709937,0.5199125409126282,linear,,,,0.0,1.3490009754896164,15.0,10.0,27.63904157764376,-0.0010557118284467,7.0,exp_02a_edm_ode_sweep,,,,,,,,,,,,,,,,,,,,,run40_rebuttal
edm_cosine_5_ode_heun_2718,edm,cosine,5,ode_heun,2718,image,64.0,0.2488418603315949,240.5962599378873,clean-fid+pixel,0.449802964925766,240.5962599378873,,-0.0797104984521865,0.8874574899673462,cosine,,,,0.0,0.2488418603315949,3.0,3.0,50.468436843202014,-0.0038504790137986,7.0,exp_02a_edm_ode_sweep,,,,,,,,,,,,,,,,,,,,,run40_rebuttal
edm_cosine_25_ode_heun_123,edm,cosine,25,ode_heun,123,image,64.0,1.34822466224432,169.18591676954136,clean-fid+pixel,0.0001750308874761,169.18591676954136,,-0.0484695918858051,0.5005304217338562,cosine,,,,0.0,1.34822466224432,14.0,11.0,13.503511527100189,-0.0001184551871679,7.0,exp_02a_edm_ode_sweep,,,,,,,,,,,,,,,,,,,,,run40_rebuttal
edm_sigmoid_10_ode_heun_7,edm,sigmoid,10,ode_heun,7,image,64.0,0.5296315625309944,203.45442507877533,clean-fid+pixel,0.1747858077287674,203.45442507877533,,-0.0428914427757263,0.7392621636390686,sigmoid,,,,0.0,0.5296315625309944,6.0,5.0,28.0018597293226,-0.0001249348288935,7.0,exp_02a_edm_ode_sweep,,,,,,,,,,,,,,,,,,,,,run40_rebuttal
edm_sigmoid_25_ode_heun_314,edm,sigmoid,25,ode_heun,314,image,64.0,1.3483759993687272,172.2403320893694,clean-fid+pixel,0.0028267009183764,172.2403320893694,,-0.0413244999945163,0.5231424570083618,sigmoid,,,,0.0,1.3483759993687272,14.0,12.0,13.099075500722076,-3.2577603226483735e-05,7.0,exp_02a_edm_ode_sweep,,,,,,,,,,,,,,,,,,,,,run40_rebuttal
edm_entropic_10_ode_heun_42,edm,entropic,10,ode_heun,42,image,64.0,0.5238065710291266,282.1717496226119,clean-fid+pixel,0.0775895491242408,282.1717496226119,,-0.0259022172540426,0.3441348075866699,entropic,control,empirical_hutchinson,,0.0,0.5238065710291266,1.0,1.0,10.33121231638252,-6.866268970234385,7.0,exp_02a_edm_ode_sweep,,,,,,,,,,,,,,,,,,,,,run40_rebuttal
edm_entropic_25_ode_heun_2718,edm,entropic,25,ode_heun,2718,image,64.0,1.3483516676351428,226.51838403269912,clean-fid+pixel,0.0080306651070714,226.51838403269912,,-0.0700627490878105,0.4590146839618683,entropic,control,empirical_hutchinson,,0.0,1.3483516676351428,1.0,1.0,4.304633940989135,-2.64250450335594,7.0,exp_02a_edm_ode_sweep,,,,,,,,,,,,,,,,,,,,,run40_rebuttal
edm_entropic_log1p_10_ode_heun_123,edm,entropic_log1p,10,ode_heun,123,image,64.0,0.5238534649834037,170.25937482110214,clean-fid+pixel,0.0020468663424253,170.25937482110214,,-0.0493615306913852,0.5272441506385803,entropic,log1p,empirical_hutchinson,,0.0,0.5238534649834037,5.0,3.0,40.84847011004621,-0.009205488877502,7.0,exp_02a_edm_ode_sweep,,,,,,,,,,,,,,,,,,,,,run40_rebuttal
edm_power_2_5_ode_heun_7,edm,power_2,5,ode_heun,7,image,64.0,0.2507469598203897,312.20348491637503,clean-fid+pixel,12.12511157989502,312.20348491637503,,0.0834205523133277,2.4854135513305664,power_2,,,,0.0,0.2507469598203897,4.0,4.0,78.23660993304816,-0.0010557118284467,7.0,exp_02a_edm_ode_sweep,,,,,,,,,,,,,,,,,,,,,run40_rebuttal
edm_power_2_10_ode_heun_314,edm,power_2,10,ode_heun,314,image,64.0,0.5236623547971249,188.59728123542777,clean-fid+pixel,0.1387396603822708,188.59728123542777,,-0.0592502057552337,0.7160935401916504,power_2,,,,0.0,0.5236623547971249,8.0,7.0,69.31686814509338,-0.0002235689227249,7.0,exp_02a_edm_ode_sweep,,,,,,,,,,,,,,,,,,,,,run40_rebuttal
edm_linear_5_ode_heun_2718,edm,linear,5,ode_heun,2718,image,64.0,0.7371607646346092,204.465382298112,clean-fid+pixel,0.311511218547821,204.465382298112,,-0.1131162270903587,0.8174043893814087,linear,,,,0.0,0.7371607646346092,3.0,2.0,70.39100452814854,-0.0146510641480374,7.0,exp_02a_edm_ode_sweep,,,,,,,,,,,,,,,,,,,,,run40_rebuttal
edm_linear_25_ode_heun_123,edm,linear,25,ode_heun,123,image,64.0,1.3515981305390596,169.42350239182565,clean-fid+pixel,0.0002730237029027,169.42350239182565,,-0.0483576953411102,0.4960864186286926,linear,,,,0.0,1.3515981305390596,15.0,10.0,27.63904157764376,-0.0010557118284467,7.0,exp_02a_edm_ode_sweep,,,,,,,,,,,,,,,,,,,,,run40_rebuttal
edm_cosine_10_ode_heun_7,edm,cosine,10,ode_heun,7,image,64.0,0.5299234567210078,174.00028072794322,clean-fid+pixel,0.0242217183113098,174.00028072794322,,-0.0469758063554763,0.5879071950912476,cosine,,,,0.0,0.5299234567210078,6.0,5.0,32.44370680376795,-0.0006881957717571,7.0,exp_02a_edm_ode_sweep,,,,,,,,,,,,,,,,,,,,,run40_rebuttal
edm_cosine_25_ode_heun_314,edm,cosine,25,ode_heun,314,image,64.0,1.3517963904887438,170.80517575660383,clean-fid+pixel,0.0015727523714303,170.80517575660383,,-0.0406807027757167,0.5008434653282166,cosine,,,,0.0,1.3517963904887438,14.0,11.0,13.503511527100189,-0.0001184551871679,7.0,exp_02a_edm_ode_sweep,,,,,,,,,,,,,,,,,,,,,run40_rebuttal
edm_sigmoid_10_ode_heun_42,edm,sigmoid,10,ode_heun,42,image,64.0,0.5250417850911617,213.04051007985112,clean-fid+pixel,0.2400722056627273,213.04051007985112,,-0.0201704502105712,0.7808566689491272,sigmoid,,,,0.0,0.5250417850911617,6.0,5.0,28.0018597293226,-0.0001249348288935,7.0,exp_02a_edm_ode_sweep,,,,,,,,,,,,,,,,,,,,,run40_rebuttal
edm_sigmoid_25_ode_heun_2718,edm,sigmoid,25,ode_heun,2718,image,64.0,1.3517218343913555,170.88996223130124,clean-fid+pixel,0.0124064609408378,170.88996223130124,,-0.0732592940330505,0.559154748916626,sigmoid,,,,0.0,1.3517218343913555,14.0,12.0,13.099075500722076,-3.2577603226483735e-05,7.0,exp_02a_edm_ode_sweep,,,,,,,,,,,,,,,,,,,,,run40_rebuttal
edm_entropic_10_ode_heun_123,edm,entropic,10,ode_heun,123,image,64.0,0.5249981805682182,296.24308568131295,clean-fid+pixel,0.080620177090168,296.24308568131295,,-0.0490185469388961,0.3400442004203796,entropic,control,empirical_hutchinson,,0.0,0.5249981805682182,1.0,1.0,10.33121231638252,-6.866268970234385,7.0,exp_02a_edm_ode_sweep,,,,,,,,,,,,,,,,,,,,,run40_rebuttal
edm_entropic_log1p_5_ode_heun_7,edm,entropic_log1p,5,ode_heun,7,image,64.0,0.250500738620758,179.70604438795374,clean-fid+pixel,0.0823001787066459,179.70604438795374,,-0.053315233439207,0.6645041704177856,entropic,log1p,empirical_hutchinson,,0.0,0.250500738620758,3.0,2.0,61.41485988519842,-0.0494563314563352,7.0,exp_02a_edm_ode_sweep,,,,,,,,,,,,,,,,,,,,,run40_rebuttal
edm_entropic_log1p_10_ode_heun_314,edm,entropic_log1p,10,ode_heun,314,image,64.0,0.5249121319502592,171.3668453029242,clean-fid+pixel,0.0032212566584348,171.3668453029242,,-0.0414001494646072,0.5263234376907349,entropic,log1p,empirical_hutchinson,,0.0,0.5249121319502592,5.0,3.0,40.84847011004621,-0.009205488877502,7.0,exp_02a_edm_ode_sweep,,,,,,,,,,,,,,,,,,,,,run40_rebuttal
edm_power_2_5_ode_heun_42,edm,power_2,5,ode_heun,42,image,64.0,0.2491861190646886,314.6502450975787,clean-fid+pixel,18.312026977539062,314.6502450975787,,0.1535351723432541,2.936927080154419,power_2,,,,0.0,0.2491861190646886,4.0,4.0,78.23660993304816,-0.0010557118284467,7.0,exp_02a_edm_ode_sweep,,,,,,,,,,,,,,,,,,,,,run40_rebuttal
edm_power_2_10_ode_heun_2718,edm,power_2,10,ode_heun,2718,image,64.0,0.5250317957252264,192.77051843423249,clean-fid+pixel,0.2158720940351486,192.77051843423249,,-0.1069220528006553,0.763386607170105,power_2,,,,0.0,0.5250317957252264,8.0,7.0,69.31686814509338,-0.0002235689227249,7.0,exp_02a_edm_ode_sweep,,,,,,,,,,,,,,,,,,,,,run40_rebuttal
edm_linear_10_ode_heun_7,edm,linear,10,ode_heun,7,image,64.0,1.027304413728416,169.85377854519282,clean-fid+pixel,0.0164444576948881,169.85377854519282,,-0.0449628271162509,0.5713255405426025,linear,,,,0.0,1.027304413728416,6.0,4.0,52.27420627379414,-0.0037707996236288,7.0,exp_02a_edm_ode_sweep,,,,,,,,,,,,,,,,,,,,,run40_rebuttal
edm_linear_25_ode_heun_314,edm,linear,25,ode_heun,314,image,64.0,1.3555858125910163,170.01323547066218,clean-fid+pixel,0.0016739037819206,170.01323547066218,,-0.0405289866030216,0.495993822813034,linear,,,,0.0,1.3555858125910163,15.0,10.0,27.63904157764376,-0.0010557118284467,7.0,exp_02a_edm_ode_sweep,,,,,,,,,,,,,,,,,,,,,run40_rebuttal
edm_cosine_10_ode_heun_42,edm,cosine,10,ode_heun,42,image,64.0,0.5263661397621036,180.9730971734636,clean-fid+pixel,0.0292844232171773,180.9730971734636,,-0.032544121146202,0.5992772579193115,cosine,,,,0.0,0.5263661397621036,6.0,5.0,32.44370680376795,-0.0006881957717571,7.0,exp_02a_edm_ode_sweep,,,,,,,,,,,,,,,,,,,,,run40_rebuttal
edm_cosine_25_ode_heun_2718,edm,cosine,25,ode_heun,2718,image,64.0,1.355259665288031,170.60468917541607,clean-fid+pixel,0.0059477612376213,170.60468917541607,,-0.0711988732218742,0.5373489856719971,cosine,,,,0.0,1.355259665288031,14.0,11.0,13.503511527100189,-0.0001184551871679,7.0,exp_02a_edm_ode_sweep,,,,,,,,,,,,,,,,,,,,,run40_rebuttal
edm_sigmoid_10_ode_heun_123,edm,sigmoid,10,ode_heun,123,image,64.0,0.5264142174273729,207.20132816007,clean-fid+pixel,0.1563585996627807,207.20132816007,,-0.0470811538398265,0.7296832799911499,sigmoid,,,,0.0,0.5264142174273729,6.0,5.0,28.0018597293226,-0.0001249348288935,7.0,exp_02a_edm_ode_sweep,,,,,,,,,,,,,,,,,,,,,run40_rebuttal
edm_entropic_5_ode_heun_7,edm,entropic,5,ode_heun,7,image,64.0,0.2512015262618661,327.99590929536777,clean-fid+pixel,0.1746426373720169,327.99590929536777,,-0.0456152409315109,0.2624537050724029,entropic,control,empirical_hutchinson,,0.0,0.2512015262618661,1.0,1.0,19.328250283710062,-13.813612056596028,7.0,exp_02a_edm_ode_sweep,,,,,,,,,,,,,,,,,,,,,run40_rebuttal
edm_entropic_10_ode_heun_314,edm,entropic,10,ode_heun,314,image,64.0,0.5263169389218092,286.617369205044,clean-fid+pixel,0.1058284118771553,286.617369205044,,-0.0449315048754215,0.317883551120758,entropic,control,empirical_hutchinson,,0.0,0.5263169389218092,1.0,1.0,10.33121231638252,-6.866268970234385,7.0,exp_02a_edm_ode_sweep,,,,,,,,,,,,,,,,,,,,,run40_rebuttal
edm_entropic_log1p_5_ode_heun_42,edm,entropic_log1p,5,ode_heun,42,image,64.0,0.2497971337288618,191.10313804440352,clean-fid+pixel,0.0894788652658462,191.10313804440352,,-0.0335915051400661,0.6737796068191528,entropic,log1p,empirical_hutchinson,,0.0,0.2497971337288618,3.0,2.0,61.41485988519842,-0.0494563314563352,7.0,exp_02a_edm_ode_sweep,,,,,,,,,,,,,,,,,,,,,run40_rebuttal
edm_entropic_log1p_10_ode_heun_2718,edm,entropic_log1p,10,ode_heun,2718,image,64.0,0.5263987332582474,171.8230358021765,clean-fid+pixel,0.0143556017428636,171.8230358021765,,-0.0726198181509971,0.5653336644172668,entropic,log1p,empirical_hutchinson,,0.0,0.5263987332582474,5.0,3.0,40.84847011004621,-0.009205488877502,7.0,exp_02a_edm_ode_sweep,,,,,,,,,,,,,,,,,,,,,run40_rebuttal
edm_power_2_5_ode_heun_123,edm,power_2,5,ode_heun,123,image,64.0,0.2498891046270728,319.0110002227619,clean-fid+pixel,14.9229097366333,319.0110002227619,,0.1037347987294197,2.702829360961914,power_2,,,,0.0,0.2498891046270728,4.0,4.0,78.23660993304816,-0.0010557118284467,7.0,exp_02a_edm_ode_sweep,,,,,,,,,,,,,,,,,,,,,run40_rebuttal
edm_power_2_25_ode_heun_7,edm,power_2,25,ode_heun,7,image,64.0,1.3673376962542534,167.14378239972638,clean-fid+pixel,0.0051125683821737,167.14378239972638,,-0.0426849573850631,0.5356035232543945,power_2,,,,0.0,1.3673376962542534,20.0,16.0,45.14312221782816,-3.4198321630158745e-05,7.0,exp_02a_edm_ode_sweep,,,,,,,,,,,,,,,,,,,,,run40_rebuttal
edm_linear_10_ode_heun_42,edm,linear,10,ode_heun,42,image,64.0,0.9563855184242128,178.0443855874661,clean-fid+pixel,0.0205051284283399,178.0443855874661,,-0.0297383870929479,0.5823736190795898,linear,,,,0.0,0.9563855184242128,6.0,4.0,52.27420627379414,-0.0037707996236288,7.0,exp_02a_edm_ode_sweep,,,,,,,,,,,,,,,,,,,,,run40_rebuttal
edm_linear_25_ode_heun_2718,edm,linear,25,ode_heun,2718,image,64.0,1.352376189082861,170.32945319881588,clean-fid+pixel,0.0050989580340683,170.32945319881588,,-0.0709748938679695,0.5333593487739563,linear,,,,0.0,1.352376189082861,15.0,10.0,27.63904157764376,-0.0010557118284467,7.0,exp_02a_edm_ode_sweep,,,,,,,,,,,,,,,,,,,,,run40_rebuttal
edm_cosine_10_ode_heun_123,edm,cosine,10,ode_heun,123,image,64.0,0.5252384701743722,176.63079644801635,clean-fid+pixel,0.0173593498766422,176.63079644801635,,-0.0508560575544834,0.5777323842048645,cosine,,,,0.0,0.5252384701743722,6.0,5.0,32.44370680376795,-0.0006881957717571,7.0,exp_02a_edm_ode_sweep,,,,,,,,,,,,,,,,,,,,,run40_rebuttal
edm_sigmoid_5_ode_heun_7,edm,sigmoid,5,ode_heun,7,image,64.0,0.252482021227479,357.6187850654949,clean-fid+pixel,2.555292844772339,357.6187850654949,,-0.0622774362564086,1.4230008125305176,sigmoid,,,,0.0,0.252482021227479,3.0,3.0,54.893352488844336,-0.0005858513432661,7.0,exp_02a_edm_ode_sweep,,,,,,,,,,,,,,,,,,,,,run40_rebuttal
edm_sigmoid_10_ode_heun_314,edm,sigmoid,10,ode_heun,314,image,64.0,0.5252072736620903,227.2909994848058,clean-fid+pixel,0.1567606925964355,227.2909994848058,,-0.0381278209388256,0.7300070524215698,sigmoid,,,,0.0,0.5252072736620903,6.0,5.0,28.0018597293226,-0.0001249348288935,7.0,exp_02a_edm_ode_sweep,,,,,,,,,,,,,,,,,,,,,run40_rebuttal
edm_entropic_5_ode_heun_42,edm,entropic,5,ode_heun,42,image,64.0,0.2495704004541039,314.1472611509412,clean-fid+pixel,0.1906435191631317,314.1472611509412,,-0.0300706624984741,0.25254687666893,entropic,control,empirical_hutchinson,,0.0,0.2495704004541039,1.0,1.0,19.328250283710062,-13.813612056596028,7.0,exp_02a_edm_ode_sweep,,,,,,,,,,,,,,,,,,,,,run40_rebuttal
edm_entropic_10_ode_heun_2718,edm,entropic,10,ode_heun,2718,image,64.0,0.5253115193918347,293.2304491830773,clean-fid+pixel,0.0596011653542518,293.2304491830773,,-0.071624755859375,0.3657521605491638,entropic,control,empirical_hutchinson,,0.0,0.5253115193918347,1.0,1.0,10.33121231638252,-6.866268970234385,7.0,exp_02a_edm_ode_sweep,,,,,,,,,,,,,,,,,,,,,run40_rebuttal
edm_entropic_log1p_5_ode_heun_123,edm,entropic_log1p,5,ode_heun,123,image,64.0,0.2501351637765765,183.7111730207119,clean-fid+pixel,0.0671712681651115,183.7111730207119,,-0.0556912012398242,0.6512374877929688,entropic,log1p,empirical_hutchinson,,0.0,0.2501351637765765,3.0,2.0,61.41485988519842,-0.0494563314563352,7.0,exp_02a_edm_ode_sweep,,,,,,,,,,,,,,,,,,,,,run40_rebuttal
edm_entropic_log1p_25_ode_heun_7,edm,entropic_log1p,25,ode_heun,7,image,64.0,1.3653265628963709,166.29814391272174,clean-fid+pixel,0.0014946002047508,166.29814391272174,,-0.0427283979952335,0.5027557611465454,entropic,log1p,empirical_hutchinson,,0.0,1.3653265628963709,12.0,7.0,19.735441185228822,-0.0015683303529238,7.0,exp_02a_edm_ode_sweep,,,,,,,,,,,,,,,,,,,,,run40_rebuttal
edm_power_2_5_ode_heun_314,edm,power_2,5,ode_heun,314,image,64.0,0.2497671470046043,319.4155987927789,clean-fid+pixel,19.13930892944336,319.4155987927789,,0.1680112481117248,2.9903063774108887,power_2,,,,0.0,0.2497671470046043,4.0,4.0,78.23660993304816,-0.0010557118284467,7.0,exp_02a_edm_ode_sweep,,,,,,,,,,,,,,,,,,,,,run40_rebuttal
edm_power_2_25_ode_heun_42,edm,power_2,25,ode_heun,42,image,64.0,1.351214338093996,179.26352227950974,clean-fid+pixel,0.0073693958111107,179.26352227950974,,-0.0282956454902887,0.5471686720848083,power_2,,,,0.0,1.351214338093996,20.0,16.0,45.14312221782816,-3.4198321630158745e-05,7.0,exp_02a_edm_ode_sweep,,,,,,,,,,,,,,,,,,,,,run40_rebuttal
edm_linear_10_ode_heun_123,edm,linear,10,ode_heun,123,image,64.0,0.9674701811745764,171.37511431983685,clean-fid+pixel,0.0101979104802012,171.37511431983685,,-0.0507069937884807,0.5599023699760437,linear,,,,0.0,0.9674701811745764,6.0,4.0,52.27420627379414,-0.0037707996236288,7.0,exp_02a_edm_ode_sweep,,,,,,,,,,,,,,,,,,,,,run40_rebuttal
edm_cosine_5_ode_heun_7,edm,cosine,5,ode_heun,7,image,64.0,0.2539345258846879,231.29187759337543,clean-fid+pixel,0.3863809406757355,231.29187759337543,,-0.0455833636224269,0.8589658141136169,cosine,,,,0.0,0.2539345258846879,3.0,3.0,50.468436843202014,-0.0038504790137986,7.0,exp_02a_edm_ode_sweep,,,,,,,,,,,,,,,,,,,,,run40_rebuttal
edm_cosine_10_ode_heun_314,edm,cosine,10,ode_heun,314,image,64.0,0.5269243344664574,177.1551709509444,clean-fid+pixel,0.0171921290457248,177.1551709509444,,-0.0429636426270008,0.5742895603179932,cosine,,,,0.0,0.5269243344664574,6.0,5.0,32.44370680376795,-0.0006881957717571,7.0,exp_02a_edm_ode_sweep,,,,,,,,,,,,,,,,,,,,,run40_rebuttal
edm_sigmoid_5_ode_heun_42,edm,sigmoid,5,ode_heun,42,image,64.0,0.2504927404224872,353.1898023693201,clean-fid+pixel,2.6144185066223145,353.1898023693201,,-0.0364004299044609,1.435041427612305,sigmoid,,,,0.0,0.2504927404224872,3.0,3.0,54.893352488844336,-0.0005858513432661,7.0,exp_02a_edm_ode_sweep,,,,,,,,,,,,,,,,,,,,,run40_rebuttal
edm_sigmoid_10_ode_heun_2718,edm,sigmoid,10,ode_heun,2718,image,64.0,0.5277438471093774,209.75275954641523,clean-fid+pixel,0.2252192050218582,209.75275954641523,,-0.0780641213059425,0.7739243507385254,sigmoid,,,,0.0,0.5277438471093774,6.0,5.0,28.0018597293226,-0.0001249348288935,7.0,exp_02a_edm_ode_sweep,,,,,,,,,,,,,,,,,,,,,run40_rebuttal
edm_entropic_5_ode_heun_123,edm,entropic,5,ode_heun,123,image,64.0,0.2504250388592481,326.834492343918,clean-fid+pixel,0.1797506660223007,326.834492343918,,-0.0487291812896728,0.2596376538276672,entropic,control,empirical_hutchinson,,0.0,0.2504250388592481,1.0,1.0,19.328250283710062,-13.813612056596028,7.0,exp_02a_edm_ode_sweep,,,,,,,,,,,,,,,,,,,,,run40_rebuttal
edm_entropic_25_ode_heun_7,edm,entropic,25,ode_heun,7,image,64.0,1.3713250989094377,226.1405743185628,clean-fid+pixel,0.0162498485296964,226.1405743185628,,-0.0430378019809722,0.4320591688156128,entropic,control,empirical_hutchinson,,0.0,1.3713250989094377,1.0,1.0,4.304633940989135,-2.64250450335594,7.0,exp_02a_edm_ode_sweep,,,,,,,,,,,,,,,,,,,,,run40_rebuttal
edm_entropic_log1p_5_ode_heun_314,edm,entropic_log1p,5,ode_heun,314,image,64.0,0.2502021668478846,188.72453431882792,clean-fid+pixel,0.0608326196670532,188.72453431882792,,-0.0472707003355026,0.642952024936676,entropic,log1p,empirical_hutchinson,,0.0,0.2502021668478846,3.0,2.0,61.41485988519842,-0.0494563314563352,7.0,exp_02a_edm_ode_sweep,,,,,,,,,,,,,,,,,,,,,run40_rebuttal
edm_entropic_log1p_25_ode_heun_42,edm,entropic_log1p,25,ode_heun,42,image,64.0,1.3572468804195523,176.98317384687252,clean-fid+pixel,0.0017600236460566,176.98317384687252,,-0.0285186041146516,0.5151636600494385,entropic,log1p,empirical_hutchinson,,0.0,1.3572468804195523,12.0,7.0,19.735441185228822,-0.0015683303529238,7.0,exp_02a_edm_ode_sweep,,,,,,,,,,,,,,,,,,,,,run40_rebuttal
edm_power_2_5_ode_heun_2718,edm,power_2,5,ode_heun,2718,image,64.0,0.2503978125751018,317.4159615911757,clean-fid+pixel,17.13128089904785,317.4159615911757,,0.028221683576703,2.8683485984802246,power_2,,,,0.0,0.2503978125751018,4.0,4.0,78.23660993304816,-0.0010557118284467,7.0,exp_02a_edm_ode_sweep,,,,,,,,,,,,,,,,,,,,,run40_rebuttal
edm_power_2_25_ode_heun_123,edm,power_2,25,ode_heun,123,image,64.0,1.3583708079531789,170.27688068649852,clean-fid+pixel,0.0015261580701917,170.27688068649852,,-0.0489769913256168,0.5236626863479614,power_2,,,,0.0,1.3583708079531789,20.0,16.0,45.14312221782816,-3.4198321630158745e-05,7.0,exp_02a_edm_ode_sweep,,,,,,,,,,,,,,,,,,,,,run40_rebuttal
edm_linear_5_sde_heun_7,edm,linear,5,sde_heun,7,image,64.0,0.7001774562522769,379.6151211665169,clean-fid+pixel,1.3807322978973389,379.6151211665169,,-0.0831524059176445,1.1779890060424805,linear,,,,0.0,0.7001774562522769,3.0,2.0,70.39100452814854,-0.0146510641480374,7.0,exp_02b_edm_sde_sweep,,,,,,,,,,,,,,,,,,,,,run40_rebuttal
edm_linear_10_sde_heun_314,edm,linear,10,sde_heun,314,image,64.0,0.5446481080725789,363.626339107086,clean-fid+pixel,0.2781847715377807,363.626339107086,,-0.0504255257546901,0.8057077527046204,linear,,,,0.0,0.5446481080725789,6.0,4.0,52.27420627379414,-0.0037707996236288,7.0,exp_02b_edm_sde_sweep,,,,,,,,,,,,,,,,,,,,,run40_rebuttal
edm_cosine_5_sde_heun_42,edm,cosine,5,sde_heun,42,image,64.0,0.2591715399175882,413.4393566832294,clean-fid+pixel,3.5127744674682617,413.4393566832294,,-0.0154449455440044,1.583600640296936,cosine,,,,0.0,0.2591715399175882,3.0,3.0,50.468436843202014,-0.0038504790137986,7.0,exp_02b_edm_sde_sweep,,,,,,,,,,,,,,,,,,,,,run40_rebuttal
edm_cosine_10_sde_heun_2718,edm,cosine,10,sde_heun,2718,image,64.0,0.5447812406346202,373.1571357120589,clean-fid+pixel,0.522345781326294,373.1571357120589,,-0.0817725881934166,0.9176111817359924,cosine,,,,0.0,0.5447812406346202,6.0,5.0,32.44370680376795,-0.0006881957717571,7.0,exp_02b_edm_sde_sweep,,,,,,,,,,,,,,,,,,,,,run40_rebuttal
edm_sigmoid_5_sde_heun_123,edm,sigmoid,5,sde_heun,123,image,64.0,0.2587683536112308,431.2834094006125,clean-fid+pixel,9.830322265625,431.2834094006125,,-0.0710272416472435,2.3112781047821045,sigmoid,,,,0.0,0.2587683536112308,3.0,3.0,54.893352488844336,-0.0005858513432661,7.0,exp_02b_edm_sde_sweep,,,,,,,,,,,,,,,,,,,,,run40_rebuttal
edm_sigmoid_25_sde_heun_7,edm,sigmoid,25,sde_heun,7,image,64.0,1.417193278670311,378.4997443793416,clean-fid+pixel,0.248918280005455,378.4997443793416,,-0.0479773096740245,0.7886417508125305,sigmoid,,,,0.0,1.417193278670311,14.0,12.0,13.099075500722076,-3.2577603226483735e-05,7.0,exp_02b_edm_sde_sweep,,,,,,,,,,,,,,,,,,,,,run40_rebuttal
edm_entropic_5_sde_heun_314,edm,entropic,5,sde_heun,314,image,64.0,0.2593085700646043,488.6586309485081,clean-fid+pixel,5.6236419677734375,488.6586309485081,,-0.0416531413793563,1.8701802492141724,entropic,control,empirical_hutchinson,,0.0,0.2593085700646043,1.0,1.0,19.328250283710062,-13.813612056596028,7.0,exp_02b_edm_sde_sweep,,,,,,,,,,,,,,,,,,,,,run40_rebuttal
edm_entropic_25_sde_heun_42,edm,entropic,25,sde_heun,42,image,64.0,1.4030547952279449,432.1246773866893,clean-fid+pixel,0.578738808631897,432.1246773866893,,-0.0282346680760383,0.9404364228248596,entropic,control,empirical_hutchinson,,0.0,1.4030547952279449,1.0,1.0,4.304633940989135,-2.64250450335594,7.0,exp_02b_edm_sde_sweep,,,,,,,,,,,,,,,,,,,,,run40_rebuttal
edm_entropic_log1p_5_sde_heun_2718,edm,entropic_log1p,5,sde_heun,2718,image,64.0,0.2591381063684821,382.1365242807282,clean-fid+pixel,0.8032885789871216,382.1365242807282,,-0.0997479036450386,1.0163229703903198,entropic,log1p,empirical_hutchinson,,0.0,0.2591381063684821,3.0,2.0,61.41485988519842,-0.0494563314563352,7.0,exp_02b_edm_sde_sweep,,,,,,,,,,,,,,,,,,,,,run40_rebuttal
edm_entropic_log1p_25_sde_heun_123,edm,entropic_log1p,25,sde_heun,123,image,64.0,1.403314620256424,346.2617778268043,clean-fid+pixel,0.0985702276229858,346.2617778268043,,-0.0535102821886539,0.6823878884315491,entropic,log1p,empirical_hutchinson,,0.0,1.403314620256424,12.0,7.0,19.735441185228822,-0.0015683303529238,7.0,exp_02b_edm_sde_sweep,,,,,,,,,,,,,,,,,,,,,run40_rebuttal
edm_power_2_10_sde_heun_7,edm,power_2,10,sde_heun,7,image,64.0,0.5490358090028167,353.7633249764945,clean-fid+pixel,0.8966808319091797,353.7633249764945,,-0.0849458202719688,1.0458073616027832,power_2,,,,0.0,0.5490358090028167,8.0,7.0,69.31686814509338,-0.0002235689227249,7.0,exp_02b_edm_sde_sweep,,,,,,,,,,,,,,,,,,,,,run40_rebuttal
edm_power_2_25_sde_heun_314,edm,power_2,25,sde_heun,314,image,64.0,1.4034605147317052,354.03915259697374,clean-fid+pixel,0.1634620130062103,354.03915259697374,,-0.0444668494164943,0.7342923879623413,power_2,,,,0.0,1.4034605147317052,20.0,16.0,45.14312221782816,-3.4198321630158745e-05,7.0,exp_02b_edm_sde_sweep,,,,,,,,,,,,,,,,,,,,,run40_rebuttal
edm_linear_5_sde_heun_42,edm,linear,5,sde_heun,42,image,64.0,0.7067537978291512,378.8449358993679,clean-fid+pixel,1.3721851110458374,378.8449358993679,,-0.0479500032961368,1.177747368812561,linear,,,,0.0,0.7067537978291512,3.0,2.0,70.39100452814854,-0.0146510641480374,7.0,exp_02b_edm_sde_sweep,,,,,,,,,,,,,,,,,,,,,run40_rebuttal
edm_linear_10_sde_heun_2718,edm,linear,10,sde_heun,2718,image,64.0,0.5456758681684732,348.39230933940235,clean-fid+pixel,0.3235388398170471,348.39230933940235,,-0.0795199498534202,0.8282419443130493,linear,,,,0.0,0.5456758681684732,6.0,4.0,52.27420627379414,-0.0037707996236288,7.0,exp_02b_edm_sde_sweep,,,,,,,,,,,,,,,,,,,,,run40_rebuttal
edm_cosine_5_sde_heun_123,edm,cosine,5,sde_heun,123,image,64.0,0.2588957222178578,418.00047873011033,clean-fid+pixel,3.4227945804595947,418.00047873011033,,-0.036229308694601,1.569920778274536,cosine,,,,0.0,0.2588957222178578,3.0,3.0,50.468436843202014,-0.0038504790137986,7.0,exp_02b_edm_sde_sweep,,,,,,,,,,,,,,,,,,,,,run40_rebuttal
edm_cosine_25_sde_heun_7,edm,cosine,25,sde_heun,7,image,64.0,1.419739169999957,346.4796910410465,clean-fid+pixel,0.1339826136827469,346.4796910410465,,-0.0467798896133899,0.7119101285934448,cosine,,,,0.0,1.419739169999957,14.0,11.0,13.503511527100189,-0.0001184551871679,7.0,exp_02b_edm_sde_sweep,,,,,,,,,,,,,,,,,,,,,run40_rebuttal
edm_sigmoid_5_sde_heun_314,edm,sigmoid,5,sde_heun,314,image,64.0,0.2591808103024959,440.6367087200658,clean-fid+pixel,11.32729434967041,440.6367087200658,,-0.0566993951797485,2.44465446472168,sigmoid,,,,0.0,0.2591808103024959,3.0,3.0,54.893352488844336,-0.0005858513432661,7.0,exp_02b_edm_sde_sweep,,,,,,,,,,,,,,,,,,,,,run40_rebuttal
edm_sigmoid_25_sde_heun_42,edm,sigmoid,25,sde_heun,42,image,64.0,1.405214250087738,366.6857167385682,clean-fid+pixel,0.2738795876502991,366.6857167385682,,-0.0318366326391696,0.8032389283180237,sigmoid,,,,0.0,1.405214250087738,14.0,12.0,13.099075500722076,-3.2577603226483735e-05,7.0,exp_02b_edm_sde_sweep,,,,,,,,,,,,,,,,,,,,,run40_rebuttal
edm_entropic_5_sde_heun_2718,edm,entropic,5,sde_heun,2718,image,64.0,0.2590800486505031,492.9748380708651,clean-fid+pixel,5.723691463470459,492.9748380708651,,-0.0637330487370491,1.8824005126953125,entropic,control,empirical_hutchinson,,0.0,0.2590800486505031,1.0,1.0,19.328250283710062,-13.813612056596028,7.0,exp_02b_edm_sde_sweep,,,,,,,,,,,,,,,,,,,,,run40_rebuttal
edm_entropic_25_sde_heun_123,edm,entropic,25,sde_heun,123,image,64.0,1.4054443147033453,443.3228671028901,clean-fid+pixel,0.5427002906799316,443.3228671028901,,-0.053260713815689,0.9267302751541138,entropic,control,empirical_hutchinson,,0.0,1.4054443147033453,1.0,1.0,4.304633940989135,-2.64250450335594,7.0,exp_02b_edm_sde_sweep,,,,,,,,,,,,,,,,,,,,,run40_rebuttal
edm_entropic_log1p_10_sde_heun_7,edm,entropic_log1p,10,sde_heun,7,image,64.0,0.5484967073425651,353.56450902757604,clean-fid+pixel,0.2229013293981552,353.56450902757604,,-0.0474698357284069,0.7735758423805237,entropic,log1p,empirical_hutchinson,,0.0,0.5484967073425651,5.0,3.0,40.84847011004621,-0.009205488877502,7.0,exp_02b_edm_sde_sweep,,,,,,,,,,,,,,,,,,,,,run40_rebuttal
edm_entropic_log1p_25_sde_heun_314,edm,entropic_log1p,25,sde_heun,314,image,64.0,1.4056758880615234,346.3427124909198,clean-fid+pixel,0.1043026521801948,346.3427124909198,,-0.0396599806845188,0.6872008442878723,entropic,log1p,empirical_hutchinson,,0.0,1.4056758880615234,12.0,7.0,19.735441185228822,-0.0015683303529238,7.0,exp_02b_edm_sde_sweep,,,,,,,,,,,,,,,,,,,,,run40_rebuttal
edm_power_2_10_sde_heun_42,edm,power_2,10,sde_heun,42,image,64.0,0.5454755425453186,353.5237678852569,clean-fid+pixel,0.9043191075325012,353.5237678852569,,-0.0498783588409423,1.0504494905471802,power_2,,,,0.0,0.5454755425453186,8.0,7.0,69.31686814509338,-0.0002235689227249,7.0,exp_02b_edm_sde_sweep,,,,,,,,,,,,,,,,,,,,,run40_rebuttal
edm_power_2_25_sde_heun_2718,edm,power_2,25,sde_heun,2718,image,64.0,1.4053581999614837,335.25497651608185,clean-fid+pixel,0.1979215592145919,335.25497651608185,,-0.0738172829151153,0.7568673491477966,power_2,,,,0.0,1.4053581999614837,20.0,16.0,45.14312221782816,-3.4198321630158745e-05,7.0,exp_02b_edm_sde_sweep,,,,,,,,,,,,,,,,,,,,,run40_rebuttal
edm_linear_5_sde_heun_123,edm,linear,5,sde_heun,123,image,64.0,0.7527412669733167,387.9992147614704,clean-fid+pixel,1.334221601486206,387.9992147614704,,-0.084348052740097,1.167184591293335,linear,,,,0.0,0.7527412669733167,3.0,2.0,70.39100452814854,-0.0146510641480374,7.0,exp_02b_edm_sde_sweep,,,,,,,,,,,,,,,,,,,,,run40_rebuttal
edm_linear_25_sde_heun_7,edm,linear,25,sde_heun,7,image,64.0,1.4100411590188742,334.8647676889062,clean-fid+pixel,0.1131728813052177,334.8647676889062,,-0.0454026162624359,0.6949607729911804,linear,,,,0.0,1.4100411590188742,15.0,10.0,27.63904157764376,-0.0010557118284467,7.0,exp_02b_edm_sde_sweep,,,,,,,,,,,,,,,,,,,,,run40_rebuttal
edm_cosine_5_sde_heun_314,edm,cosine,5,sde_heun,314,image,64.0,0.2569542927667498,415.5603249428816,clean-fid+pixel,3.5424599647521973,415.5603249428816,,-0.0205510985106229,1.5884242057800293,cosine,,,,0.0,0.2569542927667498,3.0,3.0,50.468436843202014,-0.0038504790137986,7.0,exp_02b_edm_sde_sweep,,,,,,,,,,,,,,,,,,,,,run40_rebuttal
edm_cosine_25_sde_heun_42,edm,cosine,25,sde_heun,42,image,64.0,1.3937972113490105,340.12199777228244,clean-fid+pixel,0.1487384885549545,340.12199777228244,,-0.0323235876858234,0.7235850095748901,cosine,,,,0.0,1.3937972113490105,14.0,11.0,13.503511527100189,-0.0001184551871679,7.0,exp_02b_edm_sde_sweep,,,,,,,,,,,,,,,,,,,,,run40_rebuttal
edm_sigmoid_5_sde_heun_2718,edm,sigmoid,5,sde_heun,2718,image,64.0,0.2571585969999432,436.7988170731956,clean-fid+pixel,12.22429370880127,436.7988170731956,,-0.1131168976426124,2.51899790763855,sigmoid,,,,0.0,0.2571585969999432,3.0,3.0,54.893352488844336,-0.0005858513432661,7.0,exp_02b_edm_sde_sweep,,,,,,,,,,,,,,,,,,,,,run40_rebuttal
edm_sigmoid_25_sde_heun_123,edm,sigmoid,25,sde_heun,123,image,64.0,1.3936912938952446,375.3789476212853,clean-fid+pixel,0.2520880103111267,375.3789476212853,,-0.054842036217451,0.7910880446434021,sigmoid,,,,0.0,1.3936912938952446,14.0,12.0,13.099075500722076,-3.2577603226483735e-05,7.0,exp_02b_edm_sde_sweep,,,,,,,,,,,,,,,,,,,,,run40_rebuttal
edm_entropic_10_sde_heun_7,edm,entropic,10,sde_heun,7,image,64.0,0.5459538400173187,484.8816259586317,clean-fid+pixel,2.2031235694885254,484.8816259586317,,-0.0402003563940525,1.357679843902588,entropic,control,empirical_hutchinson,,0.0,0.5459538400173187,1.0,1.0,10.33121231638252,-6.866268970234385,7.0,exp_02b_edm_sde_sweep,,,,,,,,,,,,,,,,,,,,,run40_rebuttal
edm_entropic_25_sde_heun_314,edm,entropic,25,sde_heun,314,image,64.0,1.392553254030645,439.7934684682625,clean-fid+pixel,0.550722062587738,439.7934684682625,,-0.0329783260822296,0.929991900920868,entropic,control,empirical_hutchinson,,0.0,1.392553254030645,1.0,1.0,4.304633940989135,-2.64250450335594,7.0,exp_02b_edm_sde_sweep,,,,,,,,,,,,,,,,,,,,,run40_rebuttal
edm_entropic_log1p_10_sde_heun_42,edm,entropic_log1p,10,sde_heun,42,image,64.0,0.5412690723314881,350.3445668398421,clean-fid+pixel,0.22952800989151,350.3445668398421,,-0.0318939574062824,0.7776128649711609,entropic,log1p,empirical_hutchinson,,0.0,0.5412690723314881,5.0,3.0,40.84847011004621,-0.009205488877502,7.0,exp_02b_edm_sde_sweep,,,,,,,,,,,,,,,,,,,,,run40_rebuttal
edm_entropic_log1p_25_sde_heun_2718,edm,entropic_log1p,25,sde_heun,2718,image,64.0,1.393900291994214,329.4971859896526,clean-fid+pixel,0.1248982772231102,329.4971859896526,,-0.0750840678811073,0.7037265300750732,entropic,log1p,empirical_hutchinson,,0.0,1.393900291994214,12.0,7.0,19.735441185228822,-0.0015683303529238,7.0,exp_02b_edm_sde_sweep,,,,,,,,,,,,,,,,,,,,,run40_rebuttal
edm_power_2_10_sde_heun_123,edm,power_2,10,sde_heun,123,image,64.0,0.5409620916470885,365.923542331907,clean-fid+pixel,0.8649566769599915,365.923542331907,,-0.0817925781011581,1.037086844444275,power_2,,,,0.0,0.5409620916470885,8.0,7.0,69.31686814509338,-0.0002235689227249,7.0,exp_02b_edm_sde_sweep,,,,,,,,,,,,,,,,,,,,,run40_rebuttal
edm_linear_5_sde_heun_314,edm,linear,5,sde_heun,314,image,64.0,0.7468224065378308,384.674034542582,clean-fid+pixel,1.3445199728012085,384.674034542582,,-0.077018067240715,1.1704976558685305,linear,,,,0.0,0.7468224065378308,3.0,2.0,70.39100452814854,-0.0146510641480374,7.0,exp_02b_edm_sde_sweep,,,,,,,,,,,,,,,,,,,,,run40_rebuttal
edm_linear_25_sde_heun_42,edm,linear,25,sde_heun,42,image,64.0,1.3965075118467212,328.8595582896496,clean-fid+pixel,0.1249561160802841,328.8595582896496,,-0.02938281185925,0.7047151327133179,linear,,,,0.0,1.3965075118467212,15.0,10.0,27.63904157764376,-0.0010557118284467,7.0,exp_02b_edm_sde_sweep,,,,,,,,,,,,,,,,,,,,,run40_rebuttal
edm_cosine_5_sde_heun_2718,edm,cosine,5,sde_heun,2718,image,64.0,0.2578122299164533,415.45537760032425,clean-fid+pixel,3.4928739070892334,415.45537760032425,,-0.0704563781619072,1.580686092376709,cosine,,,,0.0,0.2578122299164533,3.0,3.0,50.468436843202014,-0.0038504790137986,7.0,exp_02b_edm_sde_sweep,,,,,,,,,,,,,,,,,,,,,run40_rebuttal
edm_cosine_25_sde_heun_123,edm,cosine,25,sde_heun,123,image,64.0,1.396085268817842,352.5388051563113,clean-fid+pixel,0.1311783641576767,352.5388051563113,,-0.0540504455566406,0.7101703882217407,cosine,,,,0.0,1.396085268817842,14.0,11.0,13.503511527100189,-0.0001184551871679,7.0,exp_02b_edm_sde_sweep,,,,,,,,,,,,,,,,,,,,,run40_rebuttal
edm_sigmoid_10_sde_heun_7,edm,sigmoid,10,sde_heun,7,image,64.0,0.5473652426153421,419.591232668284,clean-fid+pixel,1.817845344543457,419.591232668284,,-0.0451339744031429,1.279721736907959,sigmoid,,,,0.0,0.5473652426153421,6.0,5.0,28.0018597293226,-0.0001249348288935,7.0,exp_02b_edm_sde_sweep,,,,,,,,,,,,,,,,,,,,,run40_rebuttal
edm_sigmoid_25_sde_heun_314,edm,sigmoid,25,sde_heun,314,image,64.0,1.3964400440454483,381.79739602805375,clean-fid+pixel,0.2572391927242279,381.79739602805375,,-0.0431657768785953,0.7940307259559631,sigmoid,,,,0.0,1.3964400440454483,14.0,12.0,13.099075500722076,-3.2577603226483735e-05,7.0,exp_02b_edm_sde_sweep,,,,,,,,,,,,,,,,,,,,,run40_rebuttal
edm_entropic_10_sde_heun_42,edm,entropic,10,sde_heun,42,image,64.0,0.5423118434846401,490.27008093954754,clean-fid+pixel,2.1843717098236084,490.27008093954754,,-0.0272886008024215,1.354520320892334,entropic,control,empirical_hutchinson,,0.0,0.5423118434846401,1.0,1.0,10.33121231638252,-6.866268970234385,7.0,exp_02b_edm_sde_sweep,,,,,,,,,,,,,,,,,,,,,run40_rebuttal
edm_entropic_25_sde_heun_2718,edm,entropic,25,sde_heun,2718,image,64.0,1.396540777757764,436.7591091904202,clean-fid+pixel,0.5801053643226624,436.7591091904202,,-0.0656299963593483,0.9411834478378296,entropic,control,empirical_hutchinson,,0.0,1.396540777757764,1.0,1.0,4.304633940989135,-2.64250450335594,7.0,exp_02b_edm_sde_sweep,,,,,,,,,,,,,,,,,,,,,run40_rebuttal
edm_entropic_log1p_10_sde_heun_123,edm,entropic_log1p,10,sde_heun,123,image,64.0,0.54266323056072,362.1380428059381,clean-fid+pixel,0.2163721174001693,362.1380428059381,,-0.0523602850735187,0.7696110606193542,entropic,log1p,empirical_hutchinson,,0.0,0.54266323056072,5.0,3.0,40.84847011004621,-0.009205488877502,7.0,exp_02b_edm_sde_sweep,,,,,,,,,,,,,,,,,,,,,run40_rebuttal
edm_power_2_5_sde_heun_7,edm,power_2,5,sde_heun,7,image,64.0,0.2589593110606074,410.0495297029146,clean-fid+pixel,16.96753692626953,410.0495297029146,,-0.0272281859070062,2.8768858909606934,power_2,,,,0.0,0.2589593110606074,4.0,4.0,78.23660993304816,-0.0010557118284467,7.0,exp_02b_edm_sde_sweep,,,,,,,,,,,,,,,,,,,,,run40_rebuttal
edm_power_2_10_sde_heun_314,edm,power_2,10,sde_heun,314,image,64.0,0.5421202629804611,361.3153103619202,clean-fid+pixel,0.8897693753242493,361.3153103619202,,-0.0747185423970222,1.045677900314331,power_2,,,,0.0,0.5421202629804611,8.0,7.0,69.31686814509338,-0.0002235689227249,7.0,exp_02b_edm_sde_sweep,,,,,,,,,,,,,,,,,,,,,run40_rebuttal
edm_linear_5_sde_heun_2718,edm,linear,5,sde_heun,2718,image,64.0,0.7537119034677744,382.3575336185418,clean-fid+pixel,1.437755823135376,382.3575336185418,,-0.1270806044340133,1.189236760139465,linear,,,,0.0,0.7537119034677744,3.0,2.0,70.39100452814854,-0.0146510641480374,7.0,exp_02b_edm_sde_sweep,,,,,,,,,,,,,,,,,,,,,run40_rebuttal
edm_linear_25_sde_heun_123,edm,linear,25,sde_heun,123,image,64.0,1.4106923211365938,346.8599537457877,clean-fid+pixel,0.1065892875194549,346.8599537457877,,-0.0523108839988708,0.6895469427108765,linear,,,,0.0,1.4106923211365938,15.0,10.0,27.63904157764376,-0.0010557118284467,7.0,exp_02b_edm_sde_sweep,,,,,,,,,,,,,,,,,,,,,run40_rebuttal
edm_cosine_10_sde_heun_7,edm,cosine,10,sde_heun,7,image,64.0,0.5525665516033769,373.08205944163547,clean-fid+pixel,0.4646683037281036,373.08205944163547,,-0.0539592020213604,0.8947340250015259,cosine,,,,0.0,0.5525665516033769,6.0,5.0,32.44370680376795,-0.0006881957717571,7.0,exp_02b_edm_sde_sweep,,,,,,,,,,,,,,,,,,,,,run40_rebuttal
edm_cosine_25_sde_heun_314,edm,cosine,25,sde_heun,314,image,64.0,1.4080247785896065,359.3696212240716,clean-fid+pixel,0.1351268887519836,359.3696212240716,,-0.0397615544497966,0.7131200432777405,cosine,,,,0.0,1.4080247785896065,14.0,11.0,13.503511527100189,-0.0001184551871679,7.0,exp_02b_edm_sde_sweep,,,,,,,,,,,,,,,,,,,,,run40_rebuttal
edm_sigmoid_10_sde_heun_42,edm,sigmoid,10,sde_heun,42,image,64.0,0.5471563134342432,420.03602382246186,clean-fid+pixel,1.8402496576309204,420.03602382246186,,-0.0259275007992982,1.284934163093567,sigmoid,,,,0.0,0.5471563134342432,6.0,5.0,28.0018597293226,-0.0001249348288935,7.0,exp_02b_edm_sde_sweep,,,,,,,,,,,,,,,,,,,,,run40_rebuttal
edm_sigmoid_25_sde_heun_2718,edm,sigmoid,25,sde_heun,2718,image,64.0,1.4086661618202925,374.1402840232428,clean-fid+pixel,0.2784648239612579,374.1402840232428,,-0.0855555608868599,0.8036037087440491,sigmoid,,,,0.0,1.4086661618202925,14.0,12.0,13.099075500722076,-3.2577603226483735e-05,7.0,exp_02b_edm_sde_sweep,,,,,,,,,,,,,,,,,,,,,run40_rebuttal
edm_entropic_10_sde_heun_123,edm,entropic,10,sde_heun,123,image,64.0,0.5477634984999895,490.9788620997407,clean-fid+pixel,2.189680814743042,490.9788620997407,,-0.0482939220964908,1.355550765991211,entropic,control,empirical_hutchinson,,0.0,0.5477634984999895,1.0,1.0,10.33121231638252,-6.866268970234385,7.0,exp_02b_edm_sde_sweep,,,,,,,,,,,,,,,,,,,,,run40_rebuttal
edm_entropic_log1p_5_sde_heun_7,edm,entropic_log1p,5,sde_heun,7,image,64.0,0.2621565256267786,385.079031388038,clean-fid+pixel,0.7536087036132812,385.079031388038,,-0.0659734010696411,1.0017244815826416,entropic,log1p,empirical_hutchinson,,0.0,0.2621565256267786,3.0,2.0,61.41485988519842,-0.0494563314563352,7.0,exp_02b_edm_sde_sweep,,,,,,,,,,,,,,,,,,,,,run40_rebuttal
edm_entropic_log1p_10_sde_heun_314,edm,entropic_log1p,10,sde_heun,314,image,64.0,0.5471038641408086,359.7996015883914,clean-fid+pixel,0.2155650854110717,359.7996015883914,,-0.0452009551227092,0.769117534160614,entropic,log1p,empirical_hutchinson,,0.0,0.5471038641408086,5.0,3.0,40.84847011004621,-0.009205488877502,7.0,exp_02b_edm_sde_sweep,,,,,,,,,,,,,,,,,,,,,run40_rebuttal
edm_power_2_5_sde_heun_42,edm,power_2,5,sde_heun,42,image,64.0,0.2599308146163821,410.7050213930914,clean-fid+pixel,19.163593292236328,410.7050213930914,,0.0259525682777166,3.024374485015869,power_2,,,,0.0,0.2599308146163821,4.0,4.0,78.23660993304816,-0.0010557118284467,7.0,exp_02b_edm_sde_sweep,,,,,,,,,,,,,,,,,,,,,run40_rebuttal
edm_power_2_10_sde_heun_2718,edm,power_2,10,sde_heun,2718,image,64.0,0.5473672300577164,353.6920340046816,clean-fid+pixel,0.9467597603797911,353.6920340046816,,-0.1253708004951477,1.057819128036499,power_2,,,,0.0,0.5473672300577164,8.0,7.0,69.31686814509338,-0.0002235689227249,7.0,exp_02b_edm_sde_sweep,,,,,,,,,,,,,,,,,,,,,run40_rebuttal
edm_linear_10_sde_heun_7,edm,linear,10,sde_heun,7,image,64.0,1.0271315537393093,355.3807750458084,clean-fid+pixel,0.286918431520462,355.3807750458084,,-0.0513670444488525,0.8099515438079834,linear,,,,0.0,1.0271315537393093,6.0,4.0,52.27420627379414,-0.0037707996236288,7.0,exp_02b_edm_sde_sweep,,,,,,,,,,,,,,,,,,,,,run40_rebuttal
edm_linear_25_sde_heun_314,edm,linear,25,sde_heun,314,image,64.0,1.3967583598569036,347.2409317358064,clean-fid+pixel,0.1084391176700592,347.2409317358064,,-0.0407548211514949,0.6907531023025513,linear,,,,0.0,1.3967583598569036,15.0,10.0,27.63904157764376,-0.0010557118284467,7.0,exp_02b_edm_sde_sweep,,,,,,,,,,,,,,,,,,,,,run40_rebuttal
edm_cosine_10_sde_heun_42,edm,cosine,10,sde_heun,42,image,64.0,0.5424332255497575,368.7907791474723,clean-fid+pixel,0.4727796614170074,368.7907791474723,,-0.040890883654356,0.8984341621398926,cosine,,,,0.0,0.5424332255497575,6.0,5.0,32.44370680376795,-0.0006881957717571,7.0,exp_02b_edm_sde_sweep,,,,,,,,,,,,,,,,,,,,,run40_rebuttal
edm_cosine_25_sde_heun_2718,edm,cosine,25,sde_heun,2718,image,64.0,1.3960880227386951,339.9954159532805,clean-fid+pixel,0.1595997810363769,339.9954159532805,,-0.075645312666893,0.7303594946861267,cosine,,,,0.0,1.3960880227386951,14.0,11.0,13.503511527100189,-0.0001184551871679,7.0,exp_02b_edm_sde_sweep,,,,,,,,,,,,,,,,,,,,,run40_rebuttal
edm_sigmoid_10_sde_heun_123,edm,sigmoid,10,sde_heun,123,image,64.0,0.5426040953025222,426.0237916002989,clean-fid+pixel,1.770456314086914,426.0237916002989,,-0.0531694702804088,1.2700014114379885,sigmoid,,,,0.0,0.5426040953025222,6.0,5.0,28.0018597293226,-0.0001249348288935,7.0,exp_02b_edm_sde_sweep,,,,,,,,,,,,,,,,,,,,,run40_rebuttal
edm_entropic_5_sde_heun_7,edm,entropic,5,sde_heun,7,image,64.0,0.2600970258936286,489.2246952972487,clean-fid+pixel,5.683117389678955,489.2246952972487,,-0.0438860952854156,1.8774129152297967,entropic,control,empirical_hutchinson,,0.0,0.2600970258936286,1.0,1.0,19.328250283710062,-13.813612056596028,7.0,exp_02b_edm_sde_sweep,,,,,,,,,,,,,,,,,,,,,run40_rebuttal
edm_entropic_10_sde_heun_314,edm,entropic,10,sde_heun,314,image,64.0,0.5423504021018744,494.6696941006482,clean-fid+pixel,2.156308650970459,494.6696941006482,,-0.0389092043042182,1.3491826057434082,entropic,control,empirical_hutchinson,,0.0,0.5423504021018744,1.0,1.0,10.33121231638252,-6.866268970234385,7.0,exp_02b_edm_sde_sweep,,,,,,,,,,,,,,,,,,,,,run40_rebuttal
edm_entropic_log1p_5_sde_heun_42,edm,entropic_log1p,5,sde_heun,42,image,64.0,0.2580134868621826,385.50017722988105,clean-fid+pixel,0.7624852061271667,385.50017722988105,,-0.042690634727478,1.005683422088623,entropic,log1p,empirical_hutchinson,,0.0,0.2580134868621826,3.0,2.0,61.41485988519842,-0.0494563314563352,7.0,exp_02b_edm_sde_sweep,,,,,,,,,,,,,,,,,,,,,run40_rebuttal
edm_entropic_log1p_10_sde_heun_2718,edm,entropic_log1p,10,sde_heun,2718,image,64.0,0.5422498220577836,348.0280416888164,clean-fid+pixel,0.2546575665473938,348.0280416888164,,-0.0742809250950813,0.7915059328079224,entropic,log1p,empirical_hutchinson,,0.0,0.5422498220577836,5.0,3.0,40.84847011004621,-0.009205488877502,7.0,exp_02b_edm_sde_sweep,,,,,,,,,,,,,,,,,,,,,run40_rebuttal
edm_power_2_5_sde_heun_123,edm,power_2,5,sde_heun,123,image,64.0,0.2576617607846856,419.5148945547779,clean-fid+pixel,17.090497970581055,419.5148945547779,,-0.0361698791384696,2.886216402053833,power_2,,,,0.0,0.2576617607846856,4.0,4.0,78.23660993304816,-0.0010557118284467,7.0,exp_02b_edm_sde_sweep,,,,,,,,,,,,,,,,,,,,,run40_rebuttal
edm_power_2_25_sde_heun_7,edm,power_2,25,sde_heun,7,image,64.0,1.4100515646860003,339.151440916032,clean-fid+pixel,0.1711795032024383,339.151440916032,,-0.0456571914255619,0.7397664189338684,power_2,,,,0.0,1.4100515646860003,20.0,16.0,45.14312221782816,-3.4198321630158745e-05,7.0,exp_02b_edm_sde_sweep,,,,,,,,,,,,,,,,,,,,,run40_rebuttal
edm_linear_10_sde_heun_42,edm,linear,10,sde_heun,42,image,64.0,1.0226107109338043,349.9061339081847,clean-fid+pixel,0.2939803302288055,349.9061339081847,,-0.0333000309765338,0.8140963912010193,linear,,,,0.0,1.0226107109338043,6.0,4.0,52.27420627379414,-0.0037707996236288,7.0,exp_02b_edm_sde_sweep,,,,,,,,,,,,,,,,,,,,,run40_rebuttal
edm_linear_25_sde_heun_2718,edm,linear,25,sde_heun,2718,image,64.0,1.400793919339776,328.5652138662468,clean-fid+pixel,0.1362232714891433,328.5652138662468,,-0.0734211355447769,0.7129809856414795,linear,,,,0.0,1.400793919339776,15.0,10.0,27.63904157764376,-0.0010557118284467,7.0,exp_02b_edm_sde_sweep,,,,,,,,,,,,,,,,,,,,,run40_rebuttal
edm_cosine_10_sde_heun_123,edm,cosine,10,sde_heun,123,image,64.0,0.5440066065639257,385.11119129383815,clean-fid+pixel,0.4600494503974914,385.11119129383815,,-0.0560140796005725,0.8929611444473267,cosine,,,,0.0,0.5440066065639257,6.0,5.0,32.44370680376795,-0.0006881957717571,7.0,exp_02b_edm_sde_sweep,,,,,,,,,,,,,,,,,,,,,run40_rebuttal
edm_sigmoid_5_sde_heun_7,edm,sigmoid,5,sde_heun,7,image,64.0,0.2600174816325307,436.8452471688185,clean-fid+pixel,9.935341835021973,436.8452471688185,,-0.057878915220499,2.320378065109253,sigmoid,,,,0.0,0.2600174816325307,3.0,3.0,54.893352488844336,-0.0005858513432661,7.0,exp_02b_edm_sde_sweep,,,,,,,,,,,,,,,,,,,,,run40_rebuttal
edm_sigmoid_10_sde_heun_314,edm,sigmoid,10,sde_heun,314,image,64.0,0.5442583672702312,420.48589612954027,clean-fid+pixel,1.7749649286270142,420.48589612954027,,-0.0434533543884754,1.2712807655334473,sigmoid,,,,0.0,0.5442583672702312,6.0,5.0,28.0018597293226,-0.0001249348288935,7.0,exp_02b_edm_sde_sweep,,,,,,,,,,,,,,,,,,,,,run40_rebuttal
edm_entropic_5_sde_heun_42,edm,entropic,5,sde_heun,42,image,64.0,0.2588381487876177,498.8027759151889,clean-fid+pixel,5.702728748321533,498.8027759151889,,-0.0242328196763992,1.8796669244766235,entropic,control,empirical_hutchinson,,0.0,0.2588381487876177,1.0,1.0,19.328250283710062,-13.813612056596028,7.0,exp_02b_edm_sde_sweep,,,,,,,,,,,,,,,,,,,,,run40_rebuttal
edm_entropic_10_sde_heun_2718,edm,entropic,10,sde_heun,2718,image,64.0,0.5441514104604721,487.3033048428852,clean-fid+pixel,2.2259600162506104,487.3033048428852,,-0.075482353568077,1.3623034954071045,entropic,control,empirical_hutchinson,,0.0,0.5441514104604721,1.0,1.0,10.33121231638252,-6.866268970234385,7.0,exp_02b_edm_sde_sweep,,,,,,,,,,,,,,,,,,,,,run40_rebuttal
edm_entropic_log1p_5_sde_heun_123,edm,entropic_log1p,5,sde_heun,123,image,64.0,0.258877501823008,393.005796836415,clean-fid+pixel,0.7215146422386169,393.005796836415,,-0.0658751130104065,0.9915180206298828,entropic,log1p,empirical_hutchinson,,0.0,0.258877501823008,3.0,2.0,61.41485988519842,-0.0494563314563352,7.0,exp_02b_edm_sde_sweep,,,,,,,,,,,,,,,,,,,,,run40_rebuttal
edm_entropic_log1p_25_sde_heun_7,edm,entropic_log1p,25,sde_heun,7,image,64.0,1.4146959278732538,333.75417869006395,clean-fid+pixel,0.0996371209621429,333.75417869006395,,-0.0470601916313171,0.6830235123634338,entropic,log1p,empirical_hutchinson,,0.0,1.4146959278732538,12.0,7.0,19.735441185228822,-0.0015683303529238,7.0,exp_02b_edm_sde_sweep,,,,,,,,,,,,,,,,,,,,,run40_rebuttal
edm_power_2_5_sde_heun_314,edm,power_2,5,sde_heun,314,image,64.0,0.2584368186071515,411.7142000701064,clean-fid+pixel,19.562175750732425,411.7142000701064,,0.0246913433074951,3.0502374172210693,power_2,,,,0.0,0.2584368186071515,4.0,4.0,78.23660993304816,-0.0010557118284467,7.0,exp_02b_edm_sde_sweep,,,,,,,,,,,,,,,,,,,,,run40_rebuttal
edm_power_2_25_sde_heun_42,edm,power_2,25,sde_heun,42,image,64.0,1.401310314424336,331.9717039063334,clean-fid+pixel,0.1776989996433258,331.9717039063334,,-0.0294395163655281,0.7441150546073914,power_2,,,,0.0,1.401310314424336,20.0,16.0,45.14312221782816,-3.4198321630158745e-05,7.0,exp_02b_edm_sde_sweep,,,,,,,,,,,,,,,,,,,,,run40_rebuttal
edm_linear_10_sde_heun_123,edm,linear,10,sde_heun,123,image,64.0,1.023531281389296,363.0044591718689,clean-fid+pixel,0.2769847214221954,363.0044591718689,,-0.0555321238934993,0.8048607110977173,linear,,,,0.0,1.023531281389296,6.0,4.0,52.27420627379414,-0.0037707996236288,7.0,exp_02b_edm_sde_sweep,,,,,,,,,,,,,,,,,,,,,run40_rebuttal
edm_cosine_5_sde_heun_7,edm,cosine,5,sde_heun,7,image,64.0,0.2605456402525306,419.2258374523015,clean-fid+pixel,3.476062059402466,419.2258374523015,,-0.0383204333484172,1.577611804008484,cosine,,,,0.0,0.2605456402525306,3.0,3.0,50.468436843202014,-0.0038504790137986,7.0,exp_02b_edm_sde_sweep,,,,,,,,,,,,,,,,,,,,,run40_rebuttal
edm_cosine_10_sde_heun_314,edm,cosine,10,sde_heun,314,image,64.0,0.5416088914498687,382.6067059848698,clean-fid+pixel,0.4558670818805694,382.6067059848698,,-0.0521415807306766,0.891233503818512,cosine,,,,0.0,0.5416088914498687,6.0,5.0,32.44370680376795,-0.0006881957717571,7.0,exp_02b_edm_sde_sweep,,,,,,,,,,,,,,,,,,,,,run40_rebuttal
edm_sigmoid_5_sde_heun_42,edm,sigmoid,5,sde_heun,42,image,64.0,0.2571527482941746,428.2327809097362,clean-fid+pixel,10.659164428710938,428.2327809097362,,-0.0354729257524013,2.386345386505127,sigmoid,,,,0.0,0.2571527482941746,3.0,3.0,54.893352488844336,-0.0005858513432661,7.0,exp_02b_edm_sde_sweep,,,,,,,,,,,,,,,,,,,,,run40_rebuttal
edm_sigmoid_10_sde_heun_2718,edm,sigmoid,10,sde_heun,2718,image,64.0,0.5418449323624372,418.4537830883893,clean-fid+pixel,1.966139554977417,418.4537830883893,,-0.0802396088838577,1.3110250234603882,sigmoid,,,,0.0,0.5418449323624372,6.0,5.0,28.0018597293226,-0.0001249348288935,7.0,exp_02b_edm_sde_sweep,,,,,,,,,,,,,,,,,,,,,run40_rebuttal
edm_entropic_5_sde_heun_123,edm,entropic,5,sde_heun,123,image,64.0,0.257169084623456,494.2117880705904,clean-fid+pixel,5.681089878082275,494.2117880705904,,-0.047343373298645,1.876941800117493,entropic,control,empirical_hutchinson,,0.0,0.257169084623456,1.0,1.0,19.328250283710062,-13.813612056596028,7.0,exp_02b_edm_sde_sweep,,,,,,,,,,,,,,,,,,,,,run40_rebuttal
edm_entropic_25_sde_heun_7,edm,entropic,25,sde_heun,7,image,64.0,1.4079770082607863,443.28868985315154,clean-fid+pixel,0.5548785328865051,443.28868985315154,,-0.0440972261130809,0.931061029434204,entropic,control,empirical_hutchinson,,0.0,1.4079770082607863,1.0,1.0,4.304633940989135,-2.64250450335594,7.0,exp_02b_edm_sde_sweep,,,,,,,,,,,,,,,,,,,,,run40_rebuttal
edm_entropic_log1p_5_sde_heun_314,edm,entropic_log1p,5,sde_heun,314,image,64.0,0.2571656852960586,392.5350703293527,clean-fid+pixel,0.7472488880157471,392.5350703293527,,-0.0590362437069416,1.0006734132766724,entropic,log1p,empirical_hutchinson,,0.0,0.2571656852960586,3.0,2.0,61.41485988519842,-0.0494563314563352,7.0,exp_02b_edm_sde_sweep,,,,,,,,,,,,,,,,,,,,,run40_rebuttal
edm_entropic_log1p_25_sde_heun_42,edm,entropic_log1p,25,sde_heun,42,image,64.0,1.395203096792102,330.6541103105061,clean-fid+pixel,0.1177377998828888,330.6541103105061,,-0.0302274078130722,0.6988133788108826,entropic,log1p,empirical_hutchinson,,0.0,1.395203096792102,12.0,7.0,19.735441185228822,-0.0015683303529238,7.0,exp_02b_edm_sde_sweep,,,,,,,,,,,,,,,,,,,,,run40_rebuttal
edm_power_2_5_sde_heun_2718,edm,power_2,5,sde_heun,2718,image,64.0,0.2570813689380884,411.91198614997984,clean-fid+pixel,19.421794891357425,411.91198614997984,,-0.0901497676968574,3.0430896282196045,power_2,,,,0.0,0.2570813689380884,4.0,4.0,78.23660993304816,-0.0010557118284467,7.0,exp_02b_edm_sde_sweep,,,,,,,,,,,,,,,,,,,,,run40_rebuttal
edm_power_2_25_sde_heun_123,edm,power_2,25,sde_heun,123,image,64.0,1.3951869709417224,354.1980169441728,clean-fid+pixel,0.1639033406972885,354.1980169441728,,-0.0515260212123394,0.7347147464752197,power_2,,,,0.0,1.3951869709417224,20.0,16.0,45.14312221782816,-3.4198321630158745e-05,7.0,exp_02b_edm_sde_sweep,,,,,,,,,,,,,,,,,,,,,run40_rebuttal
edm_entropic_5_ode_heun_7,edm,entropic,5,ode_heun,7,image,64.0,0.7016644410323352,471.10179019819634,clean-fid+pixel,1039.888671875,471.10179019819634,,-0.1008532866835594,19.11629867553711,entropic,control,conditional_minus_marginal,,0.0,0.7016644410323352,3.0,3.0,36.73956200147736,0.0,7.0,exp_02c_edm_condmarg_ode_sweep,,,,,,,,,,,,,,,,,,,,,run40_rebuttal
edm_entropic_10_ode_heun_314,edm,entropic,10,ode_heun,314,image,64.0,0.4431346158962697,308.5771102644957,clean-fid+pixel,7.735108375549316,308.5771102644957,,0.0913626551628112,2.0928409099578857,entropic,control,conditional_minus_marginal,,0.0,0.4431346158962697,6.0,5.0,36.40948323021157,0.0,7.0,exp_02c_edm_condmarg_ode_sweep,,,,,,,,,,,,,,,,,,,,,run40_rebuttal
edm_entropic_log1p_5_ode_heun_42,edm,entropic_log1p,5,ode_heun,42,image,64.0,0.2498491979204118,209.9670195950116,clean-fid+pixel,0.3452302515506744,209.9670195950116,,-0.0173071678727865,0.8378625512123108,entropic,log1p,conditional_minus_marginal,,0.0,0.2498491979204118,3.0,2.0,65.33658555986284,-0.0055718736094296,7.0,exp_02c_edm_condmarg_ode_sweep,,,,,,,,,,,,,,,,,,,,,run40_rebuttal
edm_entropic_log1p_10_ode_heun_2718,edm,entropic_log1p,10,ode_heun,2718,image,64.0,0.5258691259659827,176.36597747239742,clean-fid+pixel,0.030595576390624,176.36597747239742,,-0.0753368660807609,0.5983468890190125,entropic,log1p,conditional_minus_marginal,,0.0,0.5258691259659827,6.0,4.0,42.35183489204581,-0.0009491106268222,7.0,exp_02c_edm_condmarg_ode_sweep,,,,,,,,,,,,,,,,,,,,,run40_rebuttal
edm_entropic_5_ode_heun_42,edm,entropic,5,ode_heun,42,image,64.0,0.6891769021749496,473.9424034075165,clean-fid+pixel,1096.2750244140625,473.9424034075165,,-0.0903446748852729,19.614425659179688,entropic,control,conditional_minus_marginal,,0.0,0.6891769021749496,3.0,3.0,36.73956200147736,0.0,7.0,exp_02c_edm_condmarg_ode_sweep,,,,,,,,,,,,,,,,,,,,,run40_rebuttal
edm_entropic_10_ode_heun_2718,edm,entropic,10,ode_heun,2718,image,64.0,0.4439023358281702,308.91453438084613,clean-fid+pixel,7.671229362487793,308.91453438084613,,0.0073935613036155,2.0945746898651123,entropic,control,conditional_minus_marginal,,0.0,0.4439023358281702,6.0,5.0,36.40948323021157,0.0,7.0,exp_02c_edm_condmarg_ode_sweep,,,,,,,,,,,,,,,,,,,,,run40_rebuttal
edm_entropic_log1p_5_ode_heun_123,edm,entropic_log1p,5,ode_heun,123,image,64.0,0.2501388189848512,218.7120410864453,clean-fid+pixel,0.2418536245822906,218.7120410864453,,-0.0464666336774826,0.7858816981315613,entropic,log1p,conditional_minus_marginal,,0.0,0.2501388189848512,3.0,2.0,65.33658555986284,-0.0055718736094296,7.0,exp_02c_edm_condmarg_ode_sweep,,,,,,,,,,,,,,,,,,,,,run40_rebuttal
edm_entropic_log1p_25_ode_heun_7,edm,entropic_log1p,25,ode_heun,7,image,64.0,1.3433279709424824,166.76124096499166,clean-fid+pixel,0.0016699188854545,166.76124096499166,,-0.0431051440536975,0.5091977119445801,entropic,log1p,conditional_minus_marginal,,0.0,1.3433279709424824,15.0,10.0,19.34569206667277,0.0,7.0,exp_02c_edm_condmarg_ode_sweep,,,,,,,,,,,,,,,,,,,,,run40_rebuttal
edm_entropic_5_ode_heun_123,edm,entropic,5,ode_heun,123,image,64.0,0.6605261149816215,470.19988050476576,clean-fid+pixel,1065.5611572265625,470.19988050476576,,-0.1104418560862541,19.344945907592773,entropic,control,conditional_minus_marginal,,0.0,0.6605261149816215,3.0,3.0,36.73956200147736,0.0,7.0,exp_02c_edm_condmarg_ode_sweep,,,,,,,,,,,,,,,,,,,,,run40_rebuttal
edm_entropic_25_ode_heun_7,edm,entropic,25,ode_heun,7,image,64.0,1.1453742671292275,227.3633034865672,clean-fid+pixel,0.2079247832298278,227.3633034865672,,-0.0446099452674388,0.7632599472999573,entropic,control,conditional_minus_marginal,,0.0,1.1453742671292275,13.0,13.0,20.24949698693012,0.0,7.0,exp_02c_edm_condmarg_ode_sweep,,,,,,,,,,,,,,,,,,,,,run40_rebuttal
edm_entropic_log1p_5_ode_heun_314,edm,entropic_log1p,5,ode_heun,314,image,64.0,0.2483099780511111,216.94404262738377,clean-fid+pixel,0.2849531173706054,216.94404262738377,,-0.0336025990545749,0.8085384368896484,entropic,log1p,conditional_minus_marginal,,0.0,0.2483099780511111,3.0,2.0,65.33658555986284,-0.0055718736094296,7.0,exp_02c_edm_condmarg_ode_sweep,,,,,,,,,,,,,,,,,,,,,run40_rebuttal
edm_entropic_log1p_25_ode_heun_42,edm,entropic_log1p,25,ode_heun,42,image,64.0,1.3189807978924364,178.00536029058236,clean-fid+pixel,0.0024111645761877,178.00536029058236,,-0.0288586020469665,0.5220452547073364,entropic,log1p,conditional_minus_marginal,,0.0,1.3189807978924364,15.0,10.0,19.34569206667277,0.0,7.0,exp_02c_edm_condmarg_ode_sweep,,,,,,,,,,,,,,,,,,,,,run40_rebuttal
edm_entropic_5_ode_heun_314,edm,entropic,5,ode_heun,314,image,64.0,0.7136029680259526,473.6503170592112,clean-fid+pixel,1057.122802734375,473.6503170592112,,-0.0847726538777351,19.270055770874023,entropic,control,conditional_minus_marginal,,0.0,0.7136029680259526,3.0,3.0,36.73956200147736,0.0,7.0,exp_02c_edm_condmarg_ode_sweep,,,,,,,,,,,,,,,,,,,,,run40_rebuttal
edm_entropic_25_ode_heun_42,edm,entropic,25,ode_heun,42,image,64.0,1.1367545039393008,234.99620408572,clean-fid+pixel,0.2517530620098114,234.99620408572,,-0.0215504895895719,0.7905862331390381,entropic,control,conditional_minus_marginal,,0.0,1.1367545039393008,13.0,13.0,20.24949698693012,0.0,7.0,exp_02c_edm_condmarg_ode_sweep,,,,,,,,,,,,,,,,,,,,,run40_rebuttal
edm_entropic_log1p_5_ode_heun_2718,edm,entropic_log1p,5,ode_heun,2718,image,64.0,0.2502753329463303,215.52985263001267,clean-fid+pixel,0.3602860271930694,215.52985263001267,,-0.0857429727911949,0.8463360667228699,entropic,log1p,conditional_minus_marginal,,0.0,0.2502753329463303,3.0,2.0,65.33658555986284,-0.0055718736094296,7.0,exp_02c_edm_condmarg_ode_sweep,,,,,,,,,,,,,,,,,,,,,run40_rebuttal
edm_entropic_log1p_25_ode_heun_123,edm,entropic_log1p,25,ode_heun,123,image,64.0,1.3271661400794983,168.93924463433257,clean-fid+pixel,0.0002237410808447,168.93924463433257,,-0.0486161112785339,0.4981330931186676,entropic,log1p,conditional_minus_marginal,,0.0,1.3271661400794983,15.0,10.0,19.34569206667277,0.0,7.0,exp_02c_edm_condmarg_ode_sweep,,,,,,,,,,,,,,,,,,,,,run40_rebuttal
edm_entropic_5_ode_heun_2718,edm,entropic,5,ode_heun,2718,image,64.0,0.652946539921686,472.8145087303881,clean-fid+pixel,1042.564208984375,472.8145087303881,,-0.1506313234567642,19.14013862609864,entropic,control,conditional_minus_marginal,,0.0,0.652946539921686,3.0,3.0,36.73956200147736,0.0,7.0,exp_02c_edm_condmarg_ode_sweep,,,,,,,,,,,,,,,,,,,,,run40_rebuttal
edm_entropic_25_ode_heun_123,edm,entropic,25,ode_heun,123,image,64.0,1.1337929491419343,238.7543086795212,clean-fid+pixel,0.513255774974823,238.7543086795212,,-0.0344928763806819,0.9069414734840392,entropic,control,conditional_minus_marginal,,0.0,1.1337929491419343,13.0,13.0,20.24949698693012,0.0,7.0,exp_02c_edm_condmarg_ode_sweep,,,,,,,,,,,,,,,,,,,,,run40_rebuttal
edm_entropic_log1p_10_ode_heun_7,edm,entropic_log1p,10,ode_heun,7,image,64.0,0.5308126879390329,171.820807271985,clean-fid+pixel,0.0173085946589708,171.820807271985,,-0.0457242541015148,0.5737262964248657,entropic,log1p,conditional_minus_marginal,,0.0,0.5308126879390329,6.0,4.0,42.35183489204581,-0.0009491106268222,7.0,exp_02c_edm_condmarg_ode_sweep,,,,,,,,,,,,,,,,,,,,,run40_rebuttal
edm_entropic_log1p_25_ode_heun_314,edm,entropic_log1p,25,ode_heun,314,image,64.0,1.326286865863949,170.97856903811368,clean-fid+pixel,0.0016295379027724,170.97856903811368,,-0.0407368242740631,0.498406320810318,entropic,log1p,conditional_minus_marginal,,0.0,1.326286865863949,15.0,10.0,19.34569206667277,0.0,7.0,exp_02c_edm_condmarg_ode_sweep,,,,,,,,,,,,,,,,,,,,,run40_rebuttal
edm_entropic_10_ode_heun_7,edm,entropic,10,ode_heun,7,image,64.0,1.0163282910361886,303.32067555434594,clean-fid+pixel,7.651111602783203,303.32067555434594,,0.0838880315423011,2.0808351039886475,entropic,control,conditional_minus_marginal,,0.0,1.0163282910361886,6.0,5.0,36.40948323021157,0.0,7.0,exp_02c_edm_condmarg_ode_sweep,,,,,,,,,,,,,,,,,,,,,run40_rebuttal
edm_entropic_25_ode_heun_314,edm,entropic,25,ode_heun,314,image,64.0,1.12994927004911,238.34520165257737,clean-fid+pixel,0.2050279527902603,238.34520165257737,,-0.0259240288287401,0.7625113129615784,entropic,control,conditional_minus_marginal,,0.0,1.12994927004911,13.0,13.0,20.24949698693012,0.0,7.0,exp_02c_edm_condmarg_ode_sweep,,,,,,,,,,,,,,,,,,,,,run40_rebuttal
edm_entropic_log1p_10_ode_heun_42,edm,entropic_log1p,10,ode_heun,42,image,64.0,0.5236887480132282,176.93922150568605,clean-fid+pixel,0.021663935855031,176.93922150568605,,-0.0313571207225322,0.5850406885147095,entropic,log1p,conditional_minus_marginal,,0.0,0.5236887480132282,6.0,4.0,42.35183489204581,-0.0009491106268222,7.0,exp_02c_edm_condmarg_ode_sweep,,,,,,,,,,,,,,,,,,,,,run40_rebuttal
edm_entropic_log1p_25_ode_heun_2718,edm,entropic_log1p,25,ode_heun,2718,image,64.0,1.3212259458377955,169.94855603071176,clean-fid+pixel,0.0055153141729533,169.94855603071176,,-0.0714153423905372,0.5349900722503662,entropic,log1p,conditional_minus_marginal,,0.0,1.3212259458377955,15.0,10.0,19.34569206667277,0.0,7.0,exp_02c_edm_condmarg_ode_sweep,,,,,,,,,,,,,,,,,,,,,run40_rebuttal
edm_entropic_10_ode_heun_42,edm,entropic,10,ode_heun,42,image,64.0,0.9035711700562388,296.6509161477563,clean-fid+pixel,8.158035278320312,296.6509161477563,,0.0961205288767814,2.133816719055176,entropic,control,conditional_minus_marginal,,0.0,0.9035711700562388,6.0,5.0,36.40948323021157,0.0,7.0,exp_02c_edm_condmarg_ode_sweep,,,,,,,,,,,,,,,,,,,,,run40_rebuttal
edm_entropic_25_ode_heun_2718,edm,entropic,25,ode_heun,2718,image,64.0,1.1345981180202216,235.5337322290059,clean-fid+pixel,0.2724418938159942,235.5337322290059,,-0.0744546577334404,0.8017787337303162,entropic,control,conditional_minus_marginal,,0.0,1.1345981180202216,13.0,13.0,20.24949698693012,0.0,7.0,exp_02c_edm_condmarg_ode_sweep,,,,,,,,,,,,,,,,,,,,,run40_rebuttal
edm_entropic_log1p_10_ode_heun_123,edm,entropic_log1p,10,ode_heun,123,image,64.0,0.5263439361006021,173.56141639471534,clean-fid+pixel,0.0113494805991649,173.56141639471534,,-0.0508399903774261,0.5630846619606018,entropic,log1p,conditional_minus_marginal,,0.0,0.5263439361006021,6.0,4.0,42.35183489204581,-0.0009491106268222,7.0,exp_02c_edm_condmarg_ode_sweep,,,,,,,,,,,,,,,,,,,,,run40_rebuttal
edm_entropic_10_ode_heun_123,edm,entropic,10,ode_heun,123,image,64.0,0.9663207158446312,305.7135272433377,clean-fid+pixel,8.160018920898438,305.7135272433377,,0.0838375985622406,2.135504961013794,entropic,control,conditional_minus_marginal,,0.0,0.9663207158446312,6.0,5.0,36.40948323021157,0.0,7.0,exp_02c_edm_condmarg_ode_sweep,,,,,,,,,,,,,,,,,,,,,run40_rebuttal
edm_entropic_log1p_5_ode_heun_7,edm,entropic_log1p,5,ode_heun,7,image,64.0,0.2535381980706006,210.3575813550044,clean-fid+pixel,0.2226188480854034,210.3575813550044,,-0.0531717725098133,0.7717807292938232,entropic,log1p,conditional_minus_marginal,,0.0,0.2535381980706006,3.0,2.0,65.33658555986284,-0.0055718736094296,7.0,exp_02c_edm_condmarg_ode_sweep,,,,,,,,,,,,,,,,,,,,,run40_rebuttal
edm_entropic_log1p_10_ode_heun_314,edm,entropic_log1p,10,ode_heun,314,image,64.0,0.5234197019599378,174.92725520698053,clean-fid+pixel,0.0107107479125261,174.92725520698053,,-0.0428684614598751,0.5575488805770874,entropic,log1p,conditional_minus_marginal,,0.0,0.5234197019599378,6.0,4.0,42.35183489204581,-0.0009491106268222,7.0,exp_02c_edm_condmarg_ode_sweep,,,,,,,,,,,,,,,,,,,,,run40_rebuttal
edm_entropic_5_sde_heun_7,edm,entropic,5,sde_heun,7,image,64.0,0.7574252241756767,472.0554696048822,clean-fid+pixel,1130.97705078125,472.0554696048822,,-0.0985349789261818,19.91464805603028,entropic,control,conditional_minus_marginal,,0.0,0.7574252241756767,3.0,3.0,36.73956200147736,0.0,7.0,exp_02d_edm_condmarg_sde_sweep,,,,,,,,,,,,,,,,,,,,,run40_rebuttal
edm_entropic_10_sde_heun_314,edm,entropic,10,sde_heun,314,image,64.0,0.4412233200855553,421.4828859312728,clean-fid+pixel,18.96521377563477,421.4828859312728,,0.0068200305104255,3.014443635940552,entropic,control,conditional_minus_marginal,,0.0,0.4412233200855553,6.0,5.0,36.40948323021157,0.0,7.0,exp_02d_edm_condmarg_sde_sweep,,,,,,,,,,,,,,,,,,,,,run40_rebuttal
edm_entropic_log1p_5_sde_heun_42,edm,entropic_log1p,5,sde_heun,42,image,64.0,0.2483150919433683,420.0692165269752,clean-fid+pixel,2.051553964614868,420.0692165269752,,-0.0323433689773082,1.328881859779358,entropic,log1p,conditional_minus_marginal,,0.0,0.2483150919433683,3.0,2.0,65.33658555986284,-0.0055718736094296,7.0,exp_02d_edm_condmarg_sde_sweep,,,,,,,,,,,,,,,,,,,,,run40_rebuttal
edm_entropic_log1p_10_sde_heun_2718,edm,entropic_log1p,10,sde_heun,2718,image,64.0,0.5231925409752876,368.8109539037795,clean-fid+pixel,0.4035062789916992,368.8109539037795,,-0.0782468020915985,0.8668434619903564,entropic,log1p,conditional_minus_marginal,,0.0,0.5231925409752876,6.0,4.0,42.35183489204581,-0.0009491106268222,7.0,exp_02d_edm_condmarg_sde_sweep,,,,,,,,,,,,,,,,,,,,,run40_rebuttal
edm_entropic_5_sde_heun_42,edm,entropic,5,sde_heun,42,image,64.0,0.8116989959962666,476.8809707429536,clean-fid+pixel,1183.708740234375,476.8809707429536,,-0.0970416143536567,20.3621826171875,entropic,control,conditional_minus_marginal,,0.0,0.8116989959962666,3.0,3.0,36.73956200147736,0.0,7.0,exp_02d_edm_condmarg_sde_sweep,,,,,,,,,,,,,,,,,,,,,run40_rebuttal
edm_entropic_10_sde_heun_2718,edm,entropic,10,sde_heun,2718,image,64.0,0.4422440938651562,418.64863967644754,clean-fid+pixel,19.528594970703125,418.64863967644754,,-0.0657418742775917,3.052785396575928,entropic,control,conditional_minus_marginal,,0.0,0.4422440938651562,6.0,5.0,36.40948323021157,0.0,7.0,exp_02d_edm_condmarg_sde_sweep,,,,,,,,,,,,,,,,,,,,,run40_rebuttal
edm_entropic_log1p_5_sde_heun_123,edm,entropic_log1p,5,sde_heun,123,image,64.0,0.249121360015124,416.7317028281488,clean-fid+pixel,1.921004295349121,416.7317028281488,,-0.0639981850981712,1.301835060119629,entropic,log1p,conditional_minus_marginal,,0.0,0.249121360015124,3.0,2.0,65.33658555986284,-0.0055718736094296,7.0,exp_02d_edm_condmarg_sde_sweep,,,,,,,,,,,,,,,,,,,,,run40_rebuttal
edm_entropic_log1p_25_sde_heun_7,edm,entropic_log1p,25,sde_heun,7,image,64.0,1.3385871998034418,341.51715799041887,clean-fid+pixel,0.1240091174840927,341.51715799041887,,-0.046655211597681,0.7039719223976135,entropic,log1p,conditional_minus_marginal,,0.0,1.3385871998034418,15.0,10.0,19.34569206667277,0.0,7.0,exp_02d_edm_condmarg_sde_sweep,,,,,,,,,,,,,,,,,,,,,run40_rebuttal
edm_entropic_5_sde_heun_123,edm,entropic,5,sde_heun,123,image,64.0,0.8087652449030429,475.4503094019339,clean-fid+pixel,1153.1854248046875,475.4503094019339,,-0.0995686948299408,20.10462188720703,entropic,control,conditional_minus_marginal,,0.0,0.8087652449030429,3.0,3.0,36.73956200147736,0.0,7.0,exp_02d_edm_condmarg_sde_sweep,,,,,,,,,,,,,,,,,,,,,run40_rebuttal
edm_entropic_25_sde_heun_7,edm,entropic,25,sde_heun,7,image,64.0,1.1433824219275266,432.1716824694731,clean-fid+pixel,2.6184017658233643,432.1716824694731,,-0.0390145778656005,1.4354736804962158,entropic,control,conditional_minus_marginal,,0.0,1.1433824219275266,13.0,13.0,20.24949698693012,0.0,7.0,exp_02d_edm_condmarg_sde_sweep,,,,,,,,,,,,,,,,,,,,,run40_rebuttal
edm_entropic_log1p_5_sde_heun_314,edm,entropic_log1p,5,sde_heun,314,image,64.0,0.2489642379805445,422.7924563000396,clean-fid+pixel,1.951847791671753,422.7924563000396,,-0.0557027459144592,1.3087037801742554,entropic,log1p,conditional_minus_marginal,,0.0,0.2489642379805445,3.0,2.0,65.33658555986284,-0.0055718736094296,7.0,exp_02d_edm_condmarg_sde_sweep,,,,,,,,,,,,,,,,,,,,,run40_rebuttal
edm_entropic_log1p_25_sde_heun_42,edm,entropic_log1p,25,sde_heun,42,image,64.0,1.3191181318834424,334.0882681761807,clean-fid+pixel,0.1350378692150116,334.0882681761807,,-0.0310239847749471,0.7129371166229248,entropic,log1p,conditional_minus_marginal,,0.0,1.3191181318834424,15.0,10.0,19.34569206667277,0.0,7.0,exp_02d_edm_condmarg_sde_sweep,,,,,,,,,,,,,,,,,,,,,run40_rebuttal
edm_entropic_5_sde_heun_314,edm,entropic,5,sde_heun,314,image,64.0,0.7504144550766796,469.0956984434957,clean-fid+pixel,1152.7052001953125,469.0956984434957,,-0.0898305848240852,20.10040664672852,entropic,control,conditional_minus_marginal,,0.0,0.7504144550766796,3.0,3.0,36.73956200147736,0.0,7.0,exp_02d_edm_condmarg_sde_sweep,,,,,,,,,,,,,,,,,,,,,run40_rebuttal
edm_entropic_25_sde_heun_42,edm,entropic,25,sde_heun,42,image,64.0,1.1363641622010618,426.9188316002754,clean-fid+pixel,2.843017101287842,426.9188316002754,,-0.0094900662079453,1.474741816520691,entropic,control,conditional_minus_marginal,,0.0,1.1363641622010618,13.0,13.0,20.24949698693012,0.0,7.0,exp_02d_edm_condmarg_sde_sweep,,,,,,,,,,,,,,,,,,,,,run40_rebuttal
edm_entropic_log1p_5_sde_heun_2718,edm,entropic_log1p,5,sde_heun,2718,image,64.0,0.249997140141204,411.717602808262,clean-fid+pixel,2.0347468852996826,411.717602808262,,-0.1049354597926139,1.3235281705856323,entropic,log1p,conditional_minus_marginal,,0.0,0.249997140141204,3.0,2.0,65.33658555986284,-0.0055718736094296,7.0,exp_02d_edm_condmarg_sde_sweep,,,,,,,,,,,,,,,,,,,,,run40_rebuttal
edm_entropic_log1p_25_sde_heun_123,edm,entropic_log1p,25,sde_heun,123,image,64.0,1.3267013859003782,349.64706694608367,clean-fid+pixel,0.1189435720443725,349.64706694608367,,-0.0530268065631389,0.7001342177391052,entropic,log1p,conditional_minus_marginal,,0.0,1.3267013859003782,15.0,10.0,19.34569206667277,0.0,7.0,exp_02d_edm_condmarg_sde_sweep,,,,,,,,,,,,,,,,,,,,,run40_rebuttal
edm_entropic_5_sde_heun_2718,edm,entropic,5,sde_heun,2718,image,64.0,0.6695825848728418,469.779153486213,clean-fid+pixel,1131.6689453125,469.779153486213,,-0.1498627513647079,19.92050552368164,entropic,control,conditional_minus_marginal,,0.0,0.6695825848728418,3.0,3.0,36.73956200147736,0.0,7.0,exp_02d_edm_condmarg_sde_sweep,,,,,,,,,,,,,,,,,,,,,run40_rebuttal
edm_entropic_25_sde_heun_123,edm,entropic,25,sde_heun,123,image,64.0,1.1289889658801258,427.6718425649877,clean-fid+pixel,3.2008543014526367,427.6718425649877,,-0.03438675776124,1.534753441810608,entropic,control,conditional_minus_marginal,,0.0,1.1289889658801258,13.0,13.0,20.24949698693012,0.0,7.0,exp_02d_edm_condmarg_sde_sweep,,,,,,,,,,,,,,,,,,,,,run40_rebuttal
edm_entropic_log1p_10_sde_heun_7,edm,entropic_log1p,10,sde_heun,7,image,64.0,0.5293678040616214,372.954069966029,clean-fid+pixel,0.3661231100559234,372.954069966029,,-0.0505677945911884,0.8502610921859741,entropic,log1p,conditional_minus_marginal,,0.0,0.5293678040616214,6.0,4.0,42.35183489204581,-0.0009491106268222,7.0,exp_02d_edm_condmarg_sde_sweep,,,,,,,,,,,,,,,,,,,,,run40_rebuttal
edm_entropic_log1p_25_sde_heun_314,edm,entropic_log1p,25,sde_heun,314,image,64.0,1.320993694011122,351.2566669582608,clean-fid+pixel,0.1206376850605011,351.2566669582608,,-0.040254671126604,0.70124751329422,entropic,log1p,conditional_minus_marginal,,0.0,1.320993694011122,15.0,10.0,19.34569206667277,0.0,7.0,exp_02d_edm_condmarg_sde_sweep,,,,,,,,,,,,,,,,,,,,,run40_rebuttal
edm_entropic_10_sde_heun_7,edm,entropic,10,sde_heun,7,image,64.0,1.0413728540297598,423.5220184310622,clean-fid+pixel,18.771364212036133,423.5220184310622,,-0.0173920448869466,3.001908302307129,entropic,control,conditional_minus_marginal,,0.0,1.0413728540297598,6.0,5.0,36.40948323021157,0.0,7.0,exp_02d_edm_condmarg_sde_sweep,,,,,,,,,,,,,,,,,,,,,run40_rebuttal
edm_entropic_25_sde_heun_314,edm,entropic,25,sde_heun,314,image,64.0,1.1308715699706229,432.9595718636381,clean-fid+pixel,3.2929224967956543,432.9595718636381,,-0.0220091883093118,1.54931378364563,entropic,control,conditional_minus_marginal,,0.0,1.1308715699706229,13.0,13.0,20.24949698693012,0.0,7.0,exp_02d_edm_condmarg_sde_sweep,,,,,,,,,,,,,,,,,,,,,run40_rebuttal
edm_entropic_log1p_10_sde_heun_42,edm,entropic_log1p,10,sde_heun,42,image,64.0,0.5235772870946676,370.9018400999793,clean-fid+pixel,0.3730102777481079,370.9018400999793,,-0.0365044102072715,0.8536869883537292,entropic,log1p,conditional_minus_marginal,,0.0,0.5235772870946676,6.0,4.0,42.35183489204581,-0.0009491106268222,7.0,exp_02d_edm_condmarg_sde_sweep,,,,,,,,,,,,,,,,,,,,,run40_rebuttal
edm_entropic_log1p_25_sde_heun_2718,edm,entropic_log1p,25,sde_heun,2718,image,64.0,1.3203377579338849,332.534282443261,clean-fid+pixel,0.1473327726125717,332.534282443261,,-0.0738880708813667,0.7214867472648621,entropic,log1p,conditional_minus_marginal,,0.0,1.3203377579338849,15.0,10.0,19.34569206667277,0.0,7.0,exp_02d_edm_condmarg_sde_sweep,,,,,,,,,,,,,,,,,,,,,run40_rebuttal
edm_entropic_10_sde_heun_42,edm,entropic,10,sde_heun,42,image,64.0,0.9098716380540282,417.88709920704287,clean-fid+pixel,19.27179527282715,417.88709920704287,,0.0063349604606628,3.0349254608154297,entropic,control,conditional_minus_marginal,,0.0,0.9098716380540282,6.0,5.0,36.40948323021157,0.0,7.0,exp_02d_edm_condmarg_sde_sweep,,,,,,,,,,,,,,,,,,,,,run40_rebuttal
edm_entropic_25_sde_heun_2718,edm,entropic,25,sde_heun,2718,image,64.0,1.1324108170811087,423.57916056528063,clean-fid+pixel,2.701635837554932,423.57916056528063,,-0.0767100378870964,1.4503875970840454,entropic,control,conditional_minus_marginal,,0.0,1.1324108170811087,13.0,13.0,20.24949698693012,0.0,7.0,exp_02d_edm_condmarg_sde_sweep,,,,,,,,,,,,,,,,,,,,,run40_rebuttal
edm_entropic_log1p_10_sde_heun_123,edm,entropic_log1p,10,sde_heun,123,image,64.0,0.5252333260141313,384.0423415477395,clean-fid+pixel,0.3555367887020111,384.0423415477395,,-0.0541298687458038,0.8454035520553589,entropic,log1p,conditional_minus_marginal,,0.0,0.5252333260141313,6.0,4.0,42.35183489204581,-0.0009491106268222,7.0,exp_02d_edm_condmarg_sde_sweep,,,,,,,,,,,,,,,,,,,,,run40_rebuttal
edm_entropic_10_sde_heun_123,edm,entropic,10,sde_heun,123,image,64.0,0.8303906281944364,419.3196935270578,clean-fid+pixel,18.955305099487305,419.3196935270578,,-0.0216766502708196,3.0141830444335938,entropic,control,conditional_minus_marginal,,0.0,0.8303906281944364,6.0,5.0,36.40948323021157,0.0,7.0,exp_02d_edm_condmarg_sde_sweep,,,,,,,,,,,,,,,,,,,,,run40_rebuttal
edm_entropic_log1p_5_sde_heun_7,edm,entropic_log1p,5,sde_heun,7,image,64.0,0.252016848186031,417.5458540523513,clean-fid+pixel,1.9007643461227417,417.5458540523513,,-0.0657877996563911,1.2969263792037964,entropic,log1p,conditional_minus_marginal,,0.0,0.252016848186031,3.0,2.0,65.33658555986284,-0.0055718736094296,7.0,exp_02d_edm_condmarg_sde_sweep,,,,,,,,,,,,,,,,,,,,,run40_rebuttal
edm_entropic_log1p_10_sde_heun_314,edm,entropic_log1p,10,sde_heun,314,image,64.0,0.5236329960171133,381.11883368817416,clean-fid+pixel,0.3572380244731903,381.11883368817416,,-0.0500037670135498,0.8462719917297363,entropic,log1p,conditional_minus_marginal,,0.0,0.5236329960171133,6.0,4.0,42.35183489204581,-0.0009491106268222,7.0,exp_02d_edm_condmarg_sde_sweep,,,,,,,,,,,,,,,,,,,,,run40_rebuttal
